==================================================
 [WISP] PIPELINE ACTIVE: Transcribing system audio...
==================================================

22:14:12  Unknown    (sim: 0.20)  Amém.
22:14:18  Unknown    (sim: 0.59)  जो पेंदे तो आधा चांद वाला वनाय
22:14:36  satyam     (sim: 0.66)  [Transcription Error: HTTPConnectionPool(host='localhost', port=52625): Read timed out. (read timeout=10)]
22:14:51  Unknown    (sim: 0.42)  [Transcription Error: HTTPConnectionPool(host='localhost', port=52625): Read timed out. (read timeout=10)]
22:15:03  Unknown    (sim: 0.58)  and that art like went very well. I mean they did.
22:15:11  Unknown    (sim: 0.33)  Excellent sales from the...
22:15:18  Unknown    (sim: 0.19)  Oh my God.
22:15:25  Unknown    (sim: 0.53)  So basically the first thing was like an established company, basically all the time was and it was so much more.
22:15:33  Unknown    (sim: 0.11)  Thank you.
22:15:39  Unknown    (sim: 0.01)  ...
22:15:45  Unknown    (sim: 0.04)  Thank you.
22:15:52  Unknown    (sim: 0.10)  Pesina reggaeton.
22:15:59  Unknown    (sim: 0.30)  Régi nilirom bhaime, xivadik, xivadik, xivadik, xivadik, xivadik, xivadik, xivadik, xiv
22:16:09  Unknown    (sim: 0.07)  Adiós.
22:16:15  Unknown    (sim: 0.19)  I don't know what the answer is. I don't know what the answer is.
22:16:23  Unknown    (sim: 0.05)  No, no, no.
22:16:29  Unknown    (sim: 0.14)  Lec mergo, yelis, yelis, yelis
22:16:36  Unknown    (sim: -0.09)  Hi, I'm a little bit.
22:16:43  Unknown    (sim: -0.03)  but initially, the graduation is here.
22:16:50  Unknown    (sim: 0.03)  then my master's sense of pondicherry university says and my country is not going to go to the village.
22:16:58  Unknown    (sim: -0.04)  I suggested that this way that we implement that will be more place.
22:17:05  Unknown    (sim: 0.01)  then currently, I am currently in the Facebook section of the question.
22:17:12  Unknown    (sim: 0.10)  and along with that, me like that handling.
22:17:19  Unknown    (sim: 0.12)  А где стигаварк?
22:17:26  Unknown    (sim: 0.00)  Here are the sales department.
22:17:32  Unknown    (sim: 0.04)  [Transcription Error: HTTPConnectionPool(host='localhost', port=52625): Read timed out. (read timeout=10)]
22:17:45  Unknown    (sim: -0.02)  प्रक्राइब करना है
22:17:52  Unknown    (sim: 0.11)  इस जुकर्ण के कि प्रेश देख क्या है यह लेक्ट पर इस पर्टिबल एंडे
22:18:03  Unknown    (sim: 0.05)  Non la intuasme karta dao.
22:18:10  Unknown    (sim: 0.01)  like data entry, ledger maintain ESM, like system software ESM me
22:18:17  Unknown    (sim: 0.20)  and uh so like
22:18:24  Unknown    (sim: 0.13)  i am more into it
22:18:31  Unknown    (sim: 0.01)  Margin character.
22:18:37  Unknown    (sim: -0.01)  So more into this cell statistics.
22:18:44  Unknown    (sim: -0.00)  Oh.
22:18:50  Unknown    (sim: 0.16)  Abhi bhi karraam to move back in which for a walk.
22:18:57  Unknown    (sim: 0.15)  अभी नेशले के सब पर प्रटी घ्यान में ये कर रहा हूँ.
22:19:06  Unknown    (sim: 0.02)  तो वे जाद तू अपन इच जिसका में ले
22:19:15  Unknown    (sim: 0.13)  I will be here. Thank you. Thank you. Thank you
22:19:23  Unknown    (sim: 0.01)  Ем мадар тортал, е кам.
22:19:30  Unknown    (sim: 0.04)  Yes, sir.
22:19:36  Unknown    (sim: 0.05)  Ablo.
22:19:43  Unknown    (sim: 0.13)  Thank you.
22:19:49  Unknown    (sim: 0.00)  Seu an.
22:19:55  Unknown    (sim: 0.07)  don't always have to look at me
22:20:01  Unknown    (sim: 0.25)  Ah, ma va-t'en.
22:20:08  Unknown    (sim: 0.04)  Thank you.
22:20:14  Unknown    (sim: 0.07)  So, um...
22:20:20  Unknown    (sim: 0.18)  मैंने 2020 में B-Tech किया Mechanical Engineering से.
22:20:28  Unknown    (sim: 0.26)  उसके बाद मैं कोग् ने लग पर जीर सा
22:20:36  Unknown    (sim: 0.07)  Es que bad, mucho es el mensaje que...
22:20:42  Unknown    (sim: 0.13)  जैसे मैंने मेकनिकल एंजिनेरिंग को बिट्रे करती है
22:20:51  Unknown    (sim: 0.17)  आइटी में बहुत रिटेंटेंट हो रह था कुछ भी एकड़म पी नहीं हो रही थी
22:21:02  Unknown    (sim: 0.13)  Уж не айдея зная рэд.
22:21:08  Unknown    (sim: 0.18)  और सिर्फ मानी कमा
22:21:15  Unknown    (sim: 0.15)  Then I start that I will give a great exam.
22:21:22  Unknown    (sim: 0.17)  पिर मैंने गेड एक
22:21:29  Unknown    (sim: 0.18)  उस दोरान मैंने एक छोड़ा सा स्टार भी करने की कोशिश क अधिए डिजिटल मार्केटिंग कंपन
22:21:41  Unknown    (sim: 0.10)  where the special thing about that was
22:21:47  Unknown    (sim: 0.13)  Marketable.
22:21:53  Unknown    (sim: 0.14)  uh other countries the first world countries
22:22:00  Unknown    (sim: 0.15)  So many bus clients I took, New Zealand say or...
22:22:07  Unknown    (sim: 0.14)  Arlenze.
22:22:13  Unknown    (sim: 0.15)  और हमने उनको बेल कि थी simply Google Ads Manager.
22:22:21  Unknown    (sim: 0.18)  [Transcription Error: HTTPConnectionPool(host='localhost', port=52625): Read timed out. (read timeout=10)]
22:22:34  Unknown    (sim: 0.06)  [Transcription Error: HTTPConnectionPool(host='localhost', port=52625): Read timed out. (read timeout=10)]
22:22:46  Unknown    (sim: 0.16)  [Transcription Error: HTTPConnectionPool(host='localhost', port=52625): Read timed out. (read timeout=10)]
22:22:59  Unknown    (sim: 0.13)  सर के अंडर रोबो
22:23:09  Unknown    (sim: 0.11)  and my research is basically
22:23:15  Unknown    (sim: 0.14)  Control systems for small drones.
22:23:22  Unknown    (sim: 0.15)  heavy guarantee.
22:23:29  Unknown    (sim: 0.10)  Is the run should be not many.
22:23:35  Unknown    (sim: 0.11)  a k e jau vejene s ke s ke var menjana
22:23:42  Unknown    (sim: 0.10)  yibijana ki jyotish and...
22:23:50  Unknown    (sim: -0.05)  set in.

Stopping audio pipeline...
(wispnote) PS C:\Users\sarin\base\dev\python\wispNote> uv run .\main.py
[INIT] Loading Speaker Recognition Model (CPU)...
Warning: You are sending unauthenticated requests to the HF Hub. Please set a HF_TOKEN to enable higher rate limits and faster downloads.
[INIT] Loading Silero VAD (CPU)...
Using cache found in C:\Users\sarin/.cache\torch\hub\snakers4_silero-vad_master
C:\Users\sarin\base\dev\python\wispNote\.venv\Lib\site-packages\torch\jit\_serialization.py:170: FutureWarning: `torch.jit.load` is not supported in Python 3.14+ and may break. Please switch to `torch.export`.
  warnings.warn(

--- Speaker Enrollment Setup ---
Type a name to enroll. Press ENTER with a blank name when done to start transcribing.

Enter speaker name (or press Enter to start live transcription): jyo

--- Enrolling Speaker: 'jyo' ---
Play jyo's voice for 5 seconds (Ensure audio is actively playing!)...
[ENROLLED] 'jyo' registered successfully.

Enter speaker name (or press Enter to start live transcription): shriman

--- Enrolling Speaker: 'shriman' ---
Play shriman's voice for 5 seconds (Ensure audio is actively playing!)...
[ENROLLED] 'shriman' registered successfully.

Enter speaker name (or press Enter to start live transcription): 

==================================================
 [WISP] PIPELINE ACTIVE: Transcribing system audio...
==================================================

22:30:20  shriman    (sim: 0.78)  जो जो जो जो जो जो foreign
22:30:33  shriman    (sim: 0.71)  जो तेस महाँ पास में आए प्रॉपर तर ले कुर्था थे ले कुर्था थेंक कराम से भूँए रह था आए हेलो आए इक दम जीरो टेंशन
22:30:45  shriman    (sim: 0.63)  अमा, लोगो साग घूम
22:30:52  shriman    (sim: 0.79)  और अपर दिखा यह
22:31:00  shriman    (sim: 0.55)  Or is it done such a way?
22:31:06  shriman    (sim: 0.68)  I ate it and I bought my phone.
22:31:13  shriman    (sim: 0.58)  Everything is like, how can it happen? And what kind of person is organized then how can it chill? How can it chill?
22:31:20  shriman    (sim: 0.74)  तो मुझे मुझे अपक इंट्रेस्ट हुआ फूर अर्कनाइजेशन तो उस ताइम में लिए लि
22:32:11  shriman    (sim: 0.77)  तो यह तो वो मेरा तो दूसरा मेरा मो तो देगे कि कॉन भी प्रोटोकॉल बना देंगे लोगों को एक्सपीरियंस वह प्रोड को लिस्ट क पूरे नाइजर ने किसी भी लोगों को जरूरत है तो लेक लेकिन को लेख वा परसंड कि भाई मा लोग एक बाइलोजी वाला है जिसको कुछ आर्डिमोस आटो मेशन करने लोग आइड आर्टीशी के क्लम में जाए वेबसाइट में और देख आप आप आप आप आप आप आप आप आप आप आप आप आप
22:32:44  shriman    (sim: 0.57)  लोग आ रहे हैं, sections wise classes लग रहे हैं.
22:32:52  shriman    (sim: 0.77)  प्रवाइज प्रवा
22:32:59  Unknown    (sim: 0.18)  とはとはとはとはとはとはとはとは
22:33:30  Unknown    (sim: 0.41)  तो sorry इसी को लेकर क मेरे को doubt हो रहा था एक क्योंकि अभी भी मेरे लिए सोचना बड़ा बहुत जादा far fetched लग रह रहा है मुझे कैसे एक drone delivery system बना पाएं जो constraints मेरे दिमाग म आते हैं वो इसे के what about funds पैसा कहां सा आएगा दूसरा what about permissions जिसके अब बात कर रहे थे उससे भी सबसे बड़ा यह आता है कि what about the infrastructure structure, we have to create it or not. I have designed many things but drone design not done. I am not able to see what we can do. We are starting to do it and it is possible to do it, but if Jyotish's great manifestation is so good, I am excited to see Sivan, Sivan, I will tell you, what you are saying, what you are saying.
22:34:01  Unknown    (sim: 0.32)  Rostum.
22:34:07  shriman    (sim: 0.67)  जो तावरास तो और हाथ में रखा है जो भी लेका है ना
22:34:15  shriman    (sim: 0.78)  हाँ वो रियलाइज ची अभी तक कोई पर रि रिसर्च चैलेंगे जो हमने बनाया उस इतरेशन करेंगे और अभी रिफाइन हो जाएगा तो एक हम हाँ चलो
22:35:33  jyo        (sim: 0.75)  पर पर पर पर पर पर पाइले ट्रन कर रह है बहुत बड़ा धि पीटने के लिए कि मतलब लोग पता चल जाए कि डोन बेस दि पहले दुकान पॉल
22:35:58  Unknown    (sim: 0.40)  Uh, yes, I did.
22:36:27  jyo        (sim: 0.72)  [Transcription Error: HTTPConnectionPool(host='localhost', port=52625): Read timed out. (read timeout=30)]
22:37:29  jyo        (sim: 0.72)  [Transcription Error: HTTPConnectionPool(host='localhost', port=52625): Read timed out. (read timeout=30)]
22:39:41  jyo        (sim: 0.69)  [Transcription Error: HTTPConnectionPool(host='localhost', port=52625): Read timed out. (read timeout=30)]
22:40:39  jyo        (sim: 0.70)  [Transcription Error: HTTPConnectionPool(host='localhost', port=52625): Read timed out. (read timeout=30)]
22:41:15  Unknown    (sim: 0.36)  Boho, sari.
22:41:23  Unknown    (sim: 0.17)  Okay.
22:41:29  jyo        (sim: 0.63)  marketing करनी है उसके लिए एक वीडियो और एक प् प्प्ट वागेरा बनाना है वो सब कुछ ह ठीक है ये शिवां तुम कुछ प्रेस पूच्वाँच्वा वाटर्वावाँगे अपर एक एक एक एक प्रेस्ट पूच् पूच्वाँच्वा अंदर डिलिवरी क अपूच्वाँच्
22:41:49  Unknown    (sim: 0.37)  practical challenge, I will show you how to use drones. We will design drones or the existing market drones.
22:42:09  jyo        (sim: 0.62)  [Transcription Error: HTTPConnectionPool(host='localhost', port=52625): Read timed out. (read timeout=30)]
22:42:43  jyo        (sim: 0.54)  यह सब चीज़ है तो ड्रोन तो ठीक है ड् अ फ्लाइंग एंटा यह वही जन्रिक हे हेक्साकॉप्टर रह
22:43:10  jyo        (sim: 0.56)  Okay. वेर ना क्वालिफा पाइले ट्रों ठी ठीक है पॉल अब तो आसे मानले चार ड् अपरेक्ट कर रहे चारों के चारों अगर एक एक अंदर लिं
22:43:45  jyo        (sim: 0.61)  Drone's can have intelligence that if it is an abnormal situation, anything that it is normally expecting, anything outside that is happening, drone position hold mode and control drone's screen alert. Okay? Right. Right. There the controller simply takes over, manually land it, and take it back to maintenance workshop. I am just saying that the regulatory requirement is dodged. And As long as that is dodge 25 kg drone is a good one. As long as the pilot is certified. Okay?
22:44:10  Unknown    (sim: 0.34)  So, automation is the second challenge. I think this will be our research area
22:44:18  Unknown    (sim: 0.42)  Muchas gracias. Gracias. Gracias. Gracias. Gracias.
22:44:25  Unknown    (sim: 0.30)  Thank you.
22:44:31  jyo        (sim: 0.59)  हाँ, स्री, कुछ आटो मेशन्स रेलेटेड बो है थे हैं? हाँ, स्री, कुछ आटो मेशन्स रेलेटेड बो
22:44:42  Unknown    (sim: 0.36)  हाँ मैं यही बोला था कि जो और आटो नामास डॉकी और आटो नाविगेशन यह दो चीज़े हैं जिसक जो दूसरी चीज़े जिसके फोकस करें तर थीक है थीक है
22:44:56  jyo        (sim: 0.50)  Okay, navigation, I will speak first. Okay?
22:45:03  jyo        (sim: 0.60)  तुमारा हॉस्टे बिल्टिंग में गे ठीक है मुझे मैनुवल एक ड्रोन अगर अगर तो मैं उसका पाथ रे पाइपाइपाइपा और मैं प्रीकॉंफि प्रीकॉंफिगर् पाइपाइपाइपा प्रीकुंफिश्ट प् पाइपाइपाइपा प्रीकुंफिश्ट प् पाइपाइपाइपा
22:46:01  jyo        (sim: 0.61)  Suppose we have 10 hours left, we have defined a route from 1 to 3 and then we have defined a route from 3 to 5, we have defined a route from 5 to 4 and then we have defined a route from 4 to 2 Now, in 1 to 5, there will be some traffic coming in. Even though the drone might not take the most optimal route, the drone can by itself propagate with a very simple path solving problem. So, navigation problem is not very major. This is a standard practice, तुम एक बार देम That is the way that we are taking right now.
22:46:25  shriman    (sim: 0.71)  Just one clarification, Siwam, when you were talking about path planning, you were talking about path planning, that you were talking about path planning.
22:46:33  shriman    (sim: 0.56)  channel.
22:46:39  Unknown    (sim: 0.35)  My drone give up and give up and take it.
22:46:45  Unknown    (sim: 0.44)  Another challenge which I think is battery. So, battery replacement charge, or a drone is, we will replace the drone, or we will charge the drone and charge the drone. So, this is the outcome. Okay. Our first pilot, which we will do in a particular one, we will replace the drone, which is the first pilot.
22:46:57  Unknown    (sim: 0.46)  ating the laws of this.
22:47:03  Unknown    (sim: 0.02)  Thank you.
22:47:10  Unknown    (sim: 0.22)  Okay.
22:47:16  Unknown    (sim: 0.21)  So...
22:47:22  Unknown    (sim: 0.35)  I have it out.
22:47:28  Unknown    (sim: 0.37)  Hello, am I on the phone? - Yes, you are on the phone - Like how much time it will take for it to roll, like better to be drained out, like if it is operating in a full-flake mode
22:47:38  shriman    (sim: 0.63)  अब लोग मतलब कुछ स
22:47:45  Unknown    (sim: 0.27)  what is the charging time and the wait for our consumed by it for charging?
22:49:40  shriman    (sim: 0.64)  [Transcription Error: HTTPConnectionPool(host='localhost', port=52625): Read timed out. (read timeout=30)]
22:50:19  jyo        (sim: 0.55)  एक ड्रोन से 300 तक बो तक बोलते हैं कि वह एक बैटरी से हो पा राइट हम दो ड्र
22:50:51  jyo        (sim: 0.58)  तो ड्रोन डॉक नह हो रहा है ड्रोन को डॉक कराके चार्ज अभी नहीं कराना है हमको प्रोन बेस्ट डि ड्रोन बेस्ट डि डिवरी प्रूव क रहे वहां पर प्र पुर्ट पाइलेट म अभी यह थे थे थे बाखी चीज़ आप् प्तिमाइशियों थे कि रोन कहीं भी पा आप्र आप्र आप् आप्र आप्र आप्
22:51:11  Unknown    (sim: 0.39)  तेकि मैंने बीच म
22:51:18  shriman    (sim: 0.73)  um
22:51:25  Unknown    (sim: 0.45)  There are bunch materials here.
22:51:31  jyo        (sim: 0.55)  ड्रोन एक अस्ते क अधर बन सकता है ठी है वह बॉक्स वागर यह कैसे मांट होगा कैसे डिस्मांट हो वह मेकानिजम डेवल करने के लिए एक से वन मंथ आए आए आए आए आए आए आए आए आए आए आए आए आए आए आए आए आए आए आए आए आए आए आए आए आए आए आए आए आए आए आए आए आए आए आए आए आए आए आए आए आए आए आए आए आए आए आए आए आए आए आए
22:52:01  Unknown    (sim: 0.46)  तो hardware development
22:53:11  jyo        (sim: 0.64)  [Transcription Error: HTTPConnectionPool(host='localhost', port=52625): Read timed out. (read timeout=30)]
22:53:51  jyo        (sim: 0.50)  [Transcription Error: HTTPConnectionPool(host='localhost', port=52625): Read timed out. (read timeout=30)]
22:54:25  Unknown    (sim: 0.33)  जो है प्लान डिला एक दूम दिखे उपर
22:55:32  shriman    (sim: 0.51)  [Transcription Error: HTTPConnectionPool(host='localhost', port=52625): Read timed out. (read timeout=30)]
22:56:11  Unknown    (sim: 0.30)  अगर एक दुकान क लेके जारे जिप ले वो बस अपना बॉक डालेगा वहाँ अगर इन दुकान के लेक लेकर लेकर लेकर ले
22:56:42  Unknown    (sim: 0.40)  तो अगर जाएगा like weight bhoot gaeg ga like most of other food to do so maximum one kg hootahe is se jadha nahi hoot haam khane wala chiz mool hai per one person ag aagar jadha hooga to maximum 3 kg like 5-6 loog ke liye hai hai thik hai oa aich chiz dursa chiz hai haam rasi wala chiz kaar saakta like in the software there will be drone abhi gps me pohonj gaya to there will be some beat sound so तो जो दुका अंदर को यह एक एक नोटि
22:57:08  Unknown    (sim: 0.35)  अगर वो दो मिनिट क अंदर नहीं आएगा देर वी सम रिमांडर बीप साँड जो कि फिर से रिमांड कर कि आ गया है वाई दे दो ते दो वो अपन यह अलाव कर देगा फिर लोग क्या करे अपने चीज रखे लेकिन यहां पर हमें यह भी ख्याल लोग अचली फूर दे रहे हैं या उस के जगा कुछ और दे रहे हैं तो आपके
22:57:52  shriman    (sim: 0.74)  [Transcription Error: HTTPConnectionPool(host='localhost', port=52625): Read timed out. (read timeout=30)]
22:58:28  shriman    (sim: 0.74)  But if we have the least cost in the tower, we can have many customs and based on what we can easily do. The first philosophy was that tower should be minimal and should have least maintenance also. It should be rigid. That's a very good point.
22:58:43  shriman    (sim: 0.54)  Досрочай, где-то такие...
22:58:50  shriman    (sim: 0.67)  दूसरी थी थी कि ह
22:58:57  shriman    (sim: 0.75)  अगर दो ने आज आए अगे अगर अगर अगर अगर अगर वह एक पार रह तो वह एक पार रह तो आए
22:59:09  shriman    (sim: 0.62)  तो इस पाइडर के होगा वो एक बॉक जैसा ही एक जाएवा
22:59:18  shriman    (sim: 0.74)  अग्या वा वा वा वा वा वा वा वा वा वा वा वा वा वा वा वा वा वा वा वा व वा वा वा व वा व व व व व व व व व व व व व व व व व व व व व व व व व व व व व व व व व व व व व व व व व व व व व व व व व व व व व व व व व व व व व व व व व व व व व व व व व व व व व व व व व व व व व व व व व व व व व व व व व व व व व व व व व व व व व व व व व व व व व व व व व व व व व व व व व व व व व व व व व व व व व व व व व व व व व व व व व व व व व व व व व व व व व व व व व व व व व व व व व
22:59:49  Unknown    (sim: 0.47)  पूले शेयर यह पर यह पर मैंने भी ने लोडा है लेट थे शीमन पिन कर देया तो इसकी वीडियो तो एड्मिन ना? यह तो वाइड बो डिसेबल कर देगो जर्शेयर के लिया पिन ना? यह तो वाइड बो देसेबल कर देगो जर्शेयर के लिया पिन
23:00:07  shriman    (sim: 0.54)  ना एक वाइड वो को डिसेबल करता हुर रूप चाहिए हाँ
23:00:16  Unknown    (sim: 0.14)  Thank you.
23:00:23  Unknown    (sim: 0.18)  Thank you.
23:00:29  jyo        (sim: 0.51)  Rishi Presidente Gara.
23:00:35  shriman    (sim: 0.65)  एक से लुट आए एक से लुट आए एक स
23:00:44  jyo        (sim: 0.56)  I can see it. You can see it.
23:00:51  Unknown    (sim: 0.40)  - Thanks, Amish. - Are you good? - Hello. - Hello. - Hello.
23:00:58  Unknown    (sim: 0.07)  Oh.
23:01:04  shriman    (sim: 0.50)  so nice
23:01:10  Unknown    (sim: 0.39)  - Sigue. - Ah.
23:01:17  shriman    (sim: 0.69)  तो इसको हमने एक् निशीक, are you able to see this? हाँ, आभी आभी दि
23:01:26  shriman    (sim: 0.52)  देखरा होगा उसक करते हैं
23:01:34  shriman    (sim: 0.69)  तो इसमें क्या था इस पे टोटल हम एक साइट चार वह वी से दूसर से घुआ ऐस दूसर चार गेर्स और यह क्या होगा यह जब डून इसको आप नॉर बॉक्स लेके आएगा
23:01:49  shriman    (sim: 0.76)  तो इसको तावर मे तो इस तरह बॉक् अब ना इस पाइडर ने चला आया और ने
23:02:06  shriman    (sim: 0.74)  और यह खुदी पह पास में मेंटेन भी होगा और इस तो यह यह खराब हो गया दे
23:02:16  shriman    (sim: 0.71)  तो क्या कर सकते हैं खराब हो तो फो जा
23:02:33  shriman    (sim: 0.73)  पर्टिकुलर ले क पर्टिकुलर कोई स लेकिन पर पर पर पर पर पर पर पर पर पर पर पर पर पर पर पर पर पर पर पर पर पर पर पर पर पर पर पर पर पर पर पर पर पर पर पर पर पर पर परとは、私はそれを私のために、私のために
23:04:01  shriman    (sim: 0.75)  [Transcription Error: HTTPConnectionPool(host='localhost', port=52625): Read timed out. (read timeout=30)]
23:05:03  shriman    (sim: 0.74)  [Transcription Error: HTTPConnectionPool(host='localhost', port=52625): Read timed out. (read timeout=30)]
23:05:39  shriman    (sim: 0.73)  और उसको बोल दिय जो प्रेक्षा उस प्रेक्षा उसके प् प्रेक्षा प्रेक जाके
23:05:52  shriman    (sim: 0.71)  आसपास की मेडिशि वहाँ पर तुम को
23:06:10  shriman    (sim: 0.78)  तुम को पीजा खा
23:06:17  Unknown    (sim: 0.19)  Oh.
23:06:23  shriman    (sim: 0.70)  अब second एक्टीर हो एक तो हम इसको अलाई प्
23:06:38  shriman    (sim: 0.75)  प्राइब आप अपर
23:06:57  shriman    (sim: 0.71)  प्राइब करें तो
23:07:05  Unknown    (sim: 0.37)  तो रिशी एक और क प्षाइन है क्या ह
23:08:00  Unknown    (sim: 0.30)  अब ने ने वेया यह जो है लेक दो जर आज स most of the shop, they can do it in Pondi because they can see their business. If there is a department area, there is a place where we can take a particular place. We can put a document station where there is parcel and multiple parcel can receive, multiple spidels can go in, and we can think about it.
23:08:25  jyo        (sim: 0.59)  I think it's going towards stage 2. But this is also a very valid point. Multiple spiders are important. And this is the idea of the sales z zipline flawless. This is great. I think that experience is in a
23:08:45  jyo        (sim: 0.57)  यूजर के लिए लगभख वै तो एक तब है बन जा बहले हम डब जो है बहले हम डब जो है कितना ही सिंप्ली क अगर वैसा एक्सपी प्रोजेक्ट कर जी एक वीडियो प्रो
23:09:00  jyo        (sim: 0.53)  इंडिया में लोग बह कुछ कर रहे हैं ड् ड्रोन से बहुत सा जीज़ों में कर रह हैं लेकिन पता है स सबसे मेजर हर्डल में को लगता है यह रेगुलेशन सी है जिससे बहुत सारे स्टार्ट अप दवे हो गया है अधिया ह
23:09:17  jyo        (sim: 0.62)  लेकिन अटनोमस कै
23:09:25  jyo        (sim: 0.56)  एक बाइड बाइड शे और देशी तु प् प्लीज एक बार वो मेडिस्टिश्टि वाली चीज़ है उस के ना और और क्या क चीज़े डिसकस कि जा सकती है उसको एक बार कवर कर लेते ह
23:09:40  Unknown    (sim: 0.48)  Субтитры создавал DimaTorzok
23:09:47  Unknown    (sim: 0.29)  कोई अड़ों ने ह
23:09:54  jyo        (sim: 0.58)  अरे अडिबल ने क मैं बोल रहा था कि एक बार ये वाइट बो शेयर करेगा शीमन वह अभी वह अभी वह अभी अभी वह अभी वह अभी वह अभी वह अभी वह अभी वह अभी वह अभी वह अभी वह अभी वह अभी वह अभी वह अभी वह अभी वह अभी वह अभी वह अभी वह अभी वह अभी वह
23:11:34  Unknown    (sim: 0.36)  ठीक है, मैं बस basically like, आमे आदिवूल, ह हाँ, देखो, like, medicine ka like, the only region we are choosing medicine and surgery item, because, आज स this will be there and we will get many like particular boobnish area different medicine brand like particular SNK distributor there will be 100 medicine brand 100 distribution shop and logistic in the sense particularly तो यह वह एक इंस अगर बड़ा डिस तो अगर बड़ा डि तो आरांड फुटी थाजन वह खर्चा कर रहे पर महीना
23:13:19  Unknown    (sim: 0.30)  [Transcription Error: HTTPConnectionPool(host='localhost', port=52625): Read timed out. (read timeout=30)]
23:13:57  Unknown    (sim: 0.30)  पहले चीज, दुस
23:14:25  shriman    (sim: 0.56)  तो उस से अधिस्ट दुक कि बाते घार तो यह मेडिसिन सौप में अपन सप्लाइए तो यह मेडिसिन की दि दिमांड होती है यह जनरेट होने से
23:14:59  shriman    (sim: 0.70)  तो यह वह वह वह वह is
23:15:12  shriman    (sim: 0.73)  और हमारी वहां से चल बास्पूर में डि
23:16:07  shriman    (sim: 0.73)  प्रवाजी आप पा पुर पुर पुर पुर अगर अगर अगर अगर अगर अगर अगर अगर अगर अगर अगर अगर अगर अगर अगर अगर
23:16:36  Unknown    (sim: 0.49)  लाइक वो तीर दा लाइक जर्णी करक लाइक वो तो आप दो
23:16:54  Unknown    (sim: 0.27)  जो की लेक्टूब् लिए वो डिपेंड ने कर सकता है कि मेरे को अग्योर्स से माल आएगा तभी मेडिसीप कर
23:17:10  Unknown    (sim: 0.28)  उसके पास भुबन
23:17:34  Unknown    (sim: 0.30)  प्रटिब्लार ब् प्रटिब्लार प् प्रटिब्लार प् प्रटिब्लार प् प्रटिब्लार प् प्रटिब्लार प् प्रटिब्लार प् प्रटिब्लार प् प्रटिब्लार प् प्रटिब्लार प् प्रटिब्लार प् प्रटिब्लार प् प्रटिब्लार प् प्रटिब्लार प् प्रटिब्लार प् प्रटिब्लार प् प्रटिब्लार प् प्रटिब्लार प् प्रटिब्लार प् प्रटिब्लार प् प्रटिब्लार प् प्रटिब्लार प्
23:18:05  Unknown    (sim: 0.35)  कि मेरा 1500 दुकान है आज 30 दुकान का रि
23:18:30  shriman    (sim: 0.74)  [Transcription Error: HTTPConnectionPool(host='localhost', port=52625): Read timed out. (read timeout=30)]
23:19:04  shriman    (sim: 0.57)  particular resource, suppose, correct?
23:19:16  shriman    (sim: 0.70)  तो जो दारु वाल
23:19:23  shriman    (sim: 0.61)  तो पहला predictable है, गर म
23:20:10  shriman    (sim: 0.51)  अगर अगर वाँ प् क्योंकि जो मैडिस नोगे तैब मैं अधि जो पार को कुंप् like credit and debit like credit and debit like no distributor no one can do direct and medical in medical care like my previous payment is clear to me I will give like and I will give 2 lakhs to 2 lakhs to 2 lakhs तो वोग न क्या कर ते ना देखा आठ पी सी देते हैं ताकि उस तामाल जड़ी सरे तो वो पिस्ते मेर को पेशा देके फी माल ओर करें तीके वह तो ही रहता है तो ह
23:20:44  Unknown    (sim: 0.29)  Un buen buen bien.
23:21:48  shriman    (sim: 0.64)  [Transcription Error: HTTPConnectionPool(host='localhost', port=52625): Read timed out. (read timeout=30)]
23:22:26  shriman    (sim: 0.66)  [Transcription Error: HTTPConnectionPool(host='localhost', port=52625): Read timed out. (read timeout=30)]
23:23:00  Unknown    (sim: 0.44)  And the orange is here. Excuse me.
23:23:24  Unknown    (sim: 0.43)  yes yes yes yes yes yes yes yes yes yes yes yes yes yes yes yes
23:24:14  Unknown    (sim: 0.28)  [Transcription Error: HTTPConnectionPool(host='localhost', port=52625): Read timed out. (read timeout=30)]
23:24:51  shriman    (sim: 0.72)  [Transcription Error: HTTPConnectionPool(host='localhost', port=52625): Read timed out. (read timeout=30)]
23:27:43  shriman    (sim: 0.61)  [Transcription Error: HTTPConnectionPool(host='localhost', port=52625): Read timed out. (read timeout=30)]
23:28:26  shriman    (sim: 0.72)  [Transcription Error: HTTPConnectionPool(host='localhost', port=52625): Read timed out. (read timeout=30)]
23:28:58  shriman    (sim: 0.53)  [Transcription Error: HTTPConnectionPool(host='localhost', port=52625): Read timed out. (read timeout=30)]
23:29:31  shriman    (sim: 0.65)  But if you have this program, it will be delayed for science.
23:29:38  shriman    (sim: 0.71)  तो आए वार्त आए वा वार्त आए वार्त आए वार्त आए वा जासे नेस्ट के पुटा जासे नेस्ट के पुटा
23:29:50  shriman    (sim: 0.53)  or hectávaren or each a doing-to-it.
23:29:57  shriman    (sim: 0.73)  तो आप आप में आप म
23:30:06  shriman    (sim: 0.50)  O cítica. Or, yes. O uscabat? Se o ní. O cítica. Or, yes. O usc
23:31:02  jyo        (sim: 0.65)  [Transcription Error: HTTPConnectionPool(host='localhost', port=52625): Read timed out. (read timeout=30)]
23:31:41  shriman    (sim: 0.54)  [Transcription Error: HTTPConnectionPool(host='localhost', port=52625): Read timed out. (read timeout=30)]
23:32:14  Unknown    (sim: 0.29)  पूर्ष पूर्ष पूर
23:32:26  Unknown    (sim: 0.31)  तो medical pharmacies जो है तो वो भी like wholesaler जो जैसे कि जो जो जो सबसे बड़ा wholesaler है जो 100 hospital को दे रहा है जो medicine बगरा हो रहा जो surgical item बगरा हो रह हो तो भी दे रहा ह तो हम लोग सिफ 100 क के बारे में नहीं म बढ़ाए में भी स
23:32:44  Unknown    (sim: 0.23)  on seller selected.
23:32:51  Unknown    (sim: 0.32)  [Transcription Error: HTTPConnectionPool(host='localhost', port=52625): Read timed out. (read timeout=30)]
23:33:26  Unknown    (sim: 0.38)  तीक है वो 30 सजाद क अपना लेजर मेंटेन कर पा रहा है कौन से दुकन को जा रह उसका सीकूरेटी भी मेंटेन हो रहा है पर पर माल जा रहा है ठी यह भी हो रहा है कि उसको स्पीड डिल पूरा प्रॉपिड़बल वाला है यह लिए यह वो जो अग्दर डिलिवरी सिस्टम के जैसा नहीं है बि
23:37:26  shriman    (sim: 0.64)  [Transcription Error: HTTPConnectionPool(host='localhost', port=52625): Read timed out. (read timeout=30)]
23:39:38  jyo        (sim: 0.64)  [Transcription Error: HTTPConnectionPool(host='localhost', port=52625): Read timed out. (read timeout=30)]
23:40:25  shriman    (sim: 0.67)  Okay, so, I have told you a lot of helpful things, Jy technical smoothing or buttering. We saw the video and it's working there is no question that it will work or not. Technically validated it's done Phase 0 is already done. Phase 1 is starting to start. Phase 1 is technical buttering. We have a working app or a drone that can do the task in physical reality. Licensing, market penetration and we have to look at marketing
23:40:49  Unknown    (sim: 0.40)  اور کچھ بارس کی بات جائے گی.
23:41:01  shriman    (sim: 0.69)  definitely this is very helpful, that means a question is validated, so a question comes from are we done, are we in the right path, but we know this will work. Second thing is technical buttering, so that is smoothness better name, so I am going to comment on this phase 1, so in this phase 1, this is technical buttering, so this sandbox is mostly correct, so it will be in pondicherry and service provide and we will start, and we will start, and we will conclude that now तो भी आर रेडी तो अपन को गोल्ट इस अब और दोस्ता है कि हम वापे सर्वि स्वेस का पो एक तर पो एक तर बाएं
23:41:23  shriman    (sim: 0.68)  So, when we are looking at the leading page, we are saying that we delivered 700 packets and this under that, something that is like a leading achievement.
23:42:59  shriman    (sim: 0.62)  I want to say something about the goal. The goal can also be divided into two things. One is a big drone. We can apply our systems to a big drone and create a cost effective. We can do things like this. We can use simple drones. We can see that there are two towers. तो आप डिया प्र to real thing. so that is definitely the part of the process the second to go to the second part when we conclude uh we are validated but now we are ready to call the market
23:43:29  jyo        (sim: 0.59)  एक है एक है एक है एक आए जब मैं टेक्
23:43:38  jyo        (sim: 0.64)  तो उसका त्या नह
23:43:47  jyo        (sim: 0.63)  If you have to make a client, that alone does not signify, that does not validate my technical advancement.
23:44:05  jyo        (sim: 0.59)  पूरी शीनरी एक और अपरेशनल मौडल है जिसको एक बार चल उसके अंदर अनुम उसके अन्दर उसक पॉइंट वह रहे पॉइंट वह पॉइं पॉइंट वह पॉइं वह वाँ पॉइंट वह यह सारी चीज
---


[9:47:39 PM] [SYSTEM] Starting server with model: None...
[9:47:39 PM] [SYSTEM] Executing: flm serve --pmode performance --port 52625 --host 127.0.0.1 --socket 10 --q-len 10 --asr 1 --embed 0 --cors 1 --preemption 0
[9:47:39 PM] [SYSTEM] Server process started (PID: 276)
[9:47:39 PM] [FLM] [FLM]  Configuring NPU Power Mode to performance (flm default)

[9:47:40 PM] [FLM] [FLM]  New version detected! (current v0.9.46, latest v1.0.4)

[9:47:40 PM] [FLM] [FLM]  Download link: https://github.com/FastFlowLM/FastFlowLM/releases/latest/download/flm-setup.exe

[9:47:40 PM] [FLM] [FLM]  Using user-specified port: 52625

[9:47:40 PM] [FLM] [FLM]  Loading model: C:\Users\sarin\.flm\models\Whisper-V3-Turbo-NPU2

[9:47:42 PM] [FLM] [FLM]  Starting server on port 52625...

[9:47:42 PM] [FLM] [FLM]  WebServer started on port 52625 with 10 I/O threads

[9:47:42 PM] [FLM] [FLM]  Press Ctrl+C to stop.

[9:56:11 PM] [FLM] [🔗 ]  TCP connection established - Remote: 127.0.0.1:56256

[9:56:11 PM] [FLM] [TCP]  Read 959051 bytes from socket

[9:56:11 PM] [FLM] ================================================

[9:56:11 PM] [FLM] [⬇️ ]  Incoming Request: POST

[9:56:11 PM] [FLM] [LOG]  Time stamp: 21:56:11 09:02:2026

[9:56:11 PM] [FLM] [LOG]  Target: /v1/audio/transcriptions

[9:56:11 PM] [FLM] [LOG]  Version: 11

[9:56:11 PM] [FLM] [LOG]  Keep-Alive: 1

[9:56:11 PM] [FLM] [🟢 ]  NPU Locked!

[9:56:11 PM] [FLM] [info]  Length of audio: 4.992000 seconds

[9:56:11 PM] [FLM] [FLM]  Transforming audio to text...

[9:56:14 PM] [FLM] Audio content:  Today, two chefs face the toughest test of their speed.

[9:56:14 PM] [FLM] [🔵 ]  NPU Lock Released!

[9:56:14 PM] [FLM] ================================================

[9:56:14 PM] [FLM] [🔒 ]  TCP connection closed - Remote: 127.0.0.1:56256

[9:56:27 PM] [FLM] [🔗 ]  TCP connection established - Remote: 127.0.0.1:56274

[9:56:27 PM] [FLM] [TCP]  Read 959051 bytes from socket

[9:56:27 PM] [FLM] ================================================

[9:56:27 PM] [FLM] [⬇️ ]  Incoming Request: POST

[9:56:27 PM] [FLM] [LOG]  Time stamp: 21:56:27 09:02:2026

[9:56:27 PM] [FLM] [LOG]  Target: /v1/audio/transcriptions

[9:56:27 PM] [FLM] [LOG]  Version: 11

[9:56:27 PM] [FLM] [LOG]  Keep-Alive: 1

[9:56:27 PM] [FLM] [🟢 ]  NPU Locked!

[9:56:27 PM] [FLM] [info]  Length of audio: 4.992000 seconds

[9:56:27 PM] [FLM] [FLM]  Transforming audio to text...

[9:56:30 PM] [FLM] Audio content:  must be incorporated into their dish. The ingredients keep dropping and they keep...

[9:56:30 PM] [FLM] [🔵 ]  NPU Lock Released!

[9:56:30 PM] [FLM] ================================================

[9:56:30 PM] [FLM] [🔒 ]  TCP connection closed - Remote: 127.0.0.1:56274

[9:58:20 PM] [FLM] [🔗 ]  TCP connection established - Remote: 127.0.0.1:63090

[9:58:20 PM] [FLM] [TCP]  Read 959051 bytes from socket

[9:58:20 PM] [FLM] ================================================

[9:58:20 PM] [FLM] [⬇️ ]  Incoming Request: POST

[9:58:20 PM] [FLM] [LOG]  Time stamp: 21:58:20 09:02:2026

[9:58:20 PM] [FLM] [LOG]  Target: /v1/audio/transcriptions

[9:58:20 PM] [FLM] [LOG]  Version: 11

[9:58:20 PM] [FLM] [LOG]  Keep-Alive: 1

[9:58:20 PM] [FLM] [🟢 ]  NPU Locked!

[9:58:20 PM] [FLM] [info]  Length of audio: 4.992000 seconds

[9:58:20 PM] [FLM] [FLM]  Transforming audio to text...

[9:58:23 PM] [FLM] Audio content:  The nation is in danger. We need to make a decision.

[9:58:23 PM] [FLM] [🔵 ]  NPU Lock Released!

[9:58:23 PM] [FLM] ================================================

[9:58:23 PM] [FLM] [🔒 ]  TCP connection closed - Remote: 127.0.0.1:63090

[9:58:34 PM] [FLM] [🔗 ]  TCP connection established - Remote: 127.0.0.1:60661

[9:58:34 PM] [FLM] [TCP]  Read 959051 bytes from socket

[9:58:34 PM] [FLM] ================================================

[9:58:34 PM] [FLM] [⬇️ ]  Incoming Request: POST

[9:58:34 PM] [FLM] [LOG]  Time stamp: 21:58:34 09:02:2026

[9:58:34 PM] [FLM] [LOG]  Target: /v1/audio/transcriptions

[9:58:34 PM] [FLM] [LOG]  Version: 11

[9:58:34 PM] [FLM] [LOG]  Keep-Alive: 1

[9:58:34 PM] [FLM] [🟢 ]  NPU Locked!

[9:58:34 PM] [FLM] [info]  Length of audio: 4.992000 seconds

[9:58:34 PM] [FLM] [FLM]  Transforming audio to text...

[9:58:49 PM] [FLM] Audio content:  बोस्ती स्वामी का भाला उठावा है अब बोस्ती स्वा अब बोस्ती स्वा अब बोस्ती स्वा अब बोस्ती स्वा अब बोस्ती स्वा अब बोस्ती स्वा अब बोस्ती स्वा अब बोस्ती स्वा अब बोस्ती स्वा अब बोस्ती स्वा अब बोस्ती स्वा अब बोस्ती स्वा अब बोस्ती स्वा अब बोस्ती स्वा अब बोस्ती स्वा अब बोस्ती स्वा अब बोस्ती स्वा अब बोस्ती स्वा अब बोस्ती स्वा अब बोस्ती स्वा अब बोस्ती स्वा

[9:58:49 PM] [FLM] [🔵 ]  NPU Lock Released!

[9:58:49 PM] [FLM] ================================================

[9:58:49 PM] [FLM] [🔒 ]  TCP connection closed - Remote: 127.0.0.1:60661

[10:14:15 PM] [FLM] [🔗 ]  TCP connection established - Remote: 127.0.0.1:55007

[10:14:15 PM] [FLM] [TCP]  Read 88650 bytes from socket

[10:14:15 PM] [FLM] ================================================

[10:14:15 PM] [FLM] [⬇️ ]  Incoming Request: POST

[10:14:15 PM] [FLM] [LOG]  Time stamp: 22:14:15 09:02:2026

[10:14:15 PM] [FLM] [LOG]  Target: /v1/audio/transcriptions

[10:14:15 PM] [FLM] [LOG]  Version: 11

[10:14:15 PM] [FLM] [LOG]  Keep-Alive: 1

[10:14:15 PM] [FLM] [🟢 ]  NPU Locked!

[10:14:15 PM] [FLM] [info]  Length of audio: 2.752000 seconds

[10:14:15 PM] [FLM] [FLM]  Transforming audio to text...

[10:14:18 PM] [FLM] Audio content:  Amém.

[10:14:18 PM] [FLM] [🔵 ]  NPU Lock Released!

[10:14:18 PM] [FLM] ================================================

[10:14:18 PM] [FLM] [🔒 ]  TCP connection closed - Remote: 127.0.0.1:55007

[10:14:21 PM] [FLM] [🔗 ]  TCP connection established - Remote: 127.0.0.1:55010

[10:14:21 PM] [FLM] [TCP]  Read 248395 bytes from socket

[10:14:21 PM] [FLM] ================================================

[10:14:21 PM] [FLM] [⬇️ ]  Incoming Request: POST

[10:14:21 PM] [FLM] [LOG]  Time stamp: 22:14:21 09:02:2026

[10:14:21 PM] [FLM] [LOG]  Target: /v1/audio/transcriptions

[10:14:21 PM] [FLM] [LOG]  Version: 11

[10:14:21 PM] [FLM] [LOG]  Keep-Alive: 1

[10:14:21 PM] [FLM] [🟢 ]  NPU Locked!

[10:14:21 PM] [FLM] [info]  Length of audio: 7.744000 seconds

[10:14:21 PM] [FLM] [FLM]  Transforming audio to text...

[10:14:26 PM] [FLM] Audio content:  जो पेंदे तो आधा चांद वाला वनाय

[10:14:26 PM] [FLM] [🔵 ]  NPU Lock Released!

[10:14:26 PM] [FLM] ================================================

[10:14:26 PM] [FLM] [🔒 ]  TCP connection closed - Remote: 127.0.0.1:55010

[10:14:41 PM] [FLM] [🔗 ]  TCP connection established - Remote: 127.0.0.1:55012

[10:14:41 PM] [FLM] [TCP]  Read 1286732 bytes from socket

[10:14:41 PM] [FLM] ================================================

[10:14:41 PM] [FLM] [⬇️ ]  Incoming Request: POST

[10:14:41 PM] [FLM] [LOG]  Time stamp: 22:14:41 09:02:2026

[10:14:41 PM] [FLM] [LOG]  Target: /v1/audio/transcriptions

[10:14:41 PM] [FLM] [LOG]  Version: 11

[10:14:41 PM] [FLM] [LOG]  Keep-Alive: 1

[10:14:41 PM] [FLM] [🟢 ]  NPU Locked!

[10:14:41 PM] [FLM] [info]  Length of audio: 40.192001 seconds

[10:14:41 PM] [FLM] [FLM]  Transforming audio to text...

[10:14:51 PM] [FLM] Audio content:  और उनको उसने आधा नहीं पूरा आधा चान नहीं पूरा आधा चान भी बनाया था जो कर्व उन्होंन ने बनाया नहीं था तो बिसिकली दो डि[🔴 ]  Client disconnected; cancelling active request

[10:14:53 PM] [ERROR] invalid utf-8 sequence of 2 bytes from index 84
[10:14:53 PM] [FLM] [TCP]  Read 187979 bytes from socket

[10:14:53 PM] [FLM] ================================================

[10:14:53 PM] [FLM] [⬇️ ]  Incoming Request: POST

[10:14:53 PM] [FLM] [LOG]  Time stamp: 22:14:53 09:02:2026

[10:14:53 PM] [FLM] [LOG]  Target: /v1/audio/transcriptions

[10:14:53 PM] [FLM] [LOG]  Version: 11

[10:14:53 PM] [FLM] [LOG]  Keep-Alive: 1

[10:14:53 PM] [FLM] [🕒 ]  NPU busy, request queued (1/10): POST /v1/audio/transcriptions

[10:15:00 PM] [ERROR] invalid utf-8 sequence of 1 bytes from index 0
[10:15:00 PM] [FLM] [🟡 ]  Dequeuing NPU request (0 remaining)...

[10:15:00 PM] [FLM] ================================================

[10:15:00 PM] [FLM] [🔒 ]  TCP connection closed - Remote: 127.0.0.1:55012

[10:15:00 PM] [FLM] [info]  Length of audio: 5.856000 seconds

[10:15:00 PM] [FLM] [FLM]  Transforming audio to text...

[10:15:03 PM] [FLM] Audio content: [🔴 ]  Client disconnected; cancelling active request

[10:15:06 PM] [FLM]  རའོའོ 

[10:15:06 PM] [FLM] [🔵 ]  NPU Lock Released!

[10:15:06 PM] [FLM] ================================================

[10:15:06 PM] [FLM] [🔒 ]  TCP connection closed - Remote: 127.0.0.1:55036

[10:15:07 PM] [FLM] [🔗 ]  TCP connection established - Remote: 127.0.0.1:55050

[10:15:07 PM] [FLM] [TCP]  Read 617035 bytes from socket

[10:15:07 PM] [FLM] ================================================

[10:15:07 PM] [FLM] [⬇️ ]  Incoming Request: POST

[10:15:07 PM] [FLM] [LOG]  Time stamp: 22:15:07 09:02:2026

[10:15:07 PM] [FLM] [LOG]  Target: /v1/audio/transcriptions

[10:15:07 PM] [FLM] [LOG]  Version: 11

[10:15:07 PM] [FLM] [LOG]  Keep-Alive: 1

[10:15:07 PM] [FLM] [🟢 ]  NPU Locked!

[10:15:07 PM] [FLM] [info]  Length of audio: 19.264000 seconds

[10:15:07 PM] [FLM] [FLM]  Transforming audio to text...

[10:15:11 PM] [FLM] Audio content:  and that art like went very well. I mean they did.

[10:15:11 PM] [FLM] [🔵 ]  NPU Lock Released!

[10:15:11 PM] [FLM] ================================================

[10:15:11 PM] [FLM] [🔒 ]  TCP connection closed - Remote: 127.0.0.1:55050

[10:15:14 PM] [FLM] [🔗 ]  TCP connection established - Remote: 127.0.0.1:55053

[10:15:14 PM] [FLM] [TCP]  Read 108107 bytes from socket

[10:15:14 PM] [FLM] ================================================

[10:15:14 PM] [FLM] [⬇️ ]  Incoming Request: POST

[10:15:14 PM] [FLM] [LOG]  Time stamp: 22:15:14 09:02:2026

[10:15:14 PM] [FLM] [LOG]  Target: /v1/audio/transcriptions

[10:15:14 PM] [FLM] [LOG]  Version: 11

[10:15:14 PM] [FLM] [LOG]  Keep-Alive: 1

[10:15:14 PM] [FLM] [🟢 ]  NPU Locked!

[10:15:14 PM] [FLM] [info]  Length of audio: 3.360000 seconds

[10:15:14 PM] [FLM] [FLM]  Transforming audio to text...

[10:15:18 PM] [FLM] Audio content:  Excellent sales from the...

[10:15:18 PM] [FLM] [🔵 ]  NPU Lock Released!

[10:15:18 PM] [FLM] ================================================

[10:15:18 PM] [FLM] [🔒 ]  TCP connection closed - Remote: 127.0.0.1:55053

[10:15:20 PM] [FLM] [🔗 ]  TCP connection established - Remote: 127.0.0.1:55055

[10:15:20 PM] [FLM] [TCP]  Read 61002 bytes from socket

[10:15:20 PM] [FLM] ================================================

[10:15:20 PM] [FLM] [⬇️ ]  Incoming Request: POST

[10:15:20 PM] [FLM] [LOG]  Time stamp: 22:15:20 09:02:2026

[10:15:20 PM] [FLM] [LOG]  Target: /v1/audio/transcriptions

[10:15:20 PM] [FLM] [LOG]  Version: 11

[10:15:20 PM] [FLM] [LOG]  Keep-Alive: 1

[10:15:20 PM] [FLM] [🟢 ]  NPU Locked!

[10:15:20 PM] [FLM] [info]  Length of audio: 1.888000 seconds

[10:15:20 PM] [FLM] [FLM]  Transforming audio to text...

[10:15:24 PM] [FLM] Audio content:  Oh my God.

[10:15:24 PM] [FLM] [🔵 ]  NPU Lock Released!

[10:15:24 PM] [FLM] ================================================

[10:15:24 PM] [FLM] [🔒 ]  TCP connection closed - Remote: 127.0.0.1:55055

[10:15:27 PM] [FLM] [🔗 ]  TCP connection established - Remote: 127.0.0.1:55057

[10:15:27 PM] [FLM] [TCP]  Read 471627 bytes from socket

[10:15:27 PM] [FLM] ================================================

[10:15:27 PM] [FLM] [⬇️ ]  Incoming Request: POST

[10:15:27 PM] [FLM] [LOG]  Time stamp: 22:15:27 09:02:2026

[10:15:27 PM] [FLM] [LOG]  Target: /v1/audio/transcriptions

[10:15:27 PM] [FLM] [LOG]  Version: 11

[10:15:27 PM] [FLM] [LOG]  Keep-Alive: 1

[10:15:27 PM] [FLM] [🟢 ]  NPU Locked!

[10:15:27 PM] [FLM] [info]  Length of audio: 14.720000 seconds

[10:15:27 PM] [FLM] [FLM]  Transforming audio to text...

[10:15:33 PM] [FLM] Audio content:  So basically the first thing was like an established company, basically all the time was and it was so much more.

[10:15:33 PM] [FLM] [🔵 ]  NPU Lock Released!

[10:15:33 PM] [FLM] ================================================

[10:15:33 PM] [FLM] [🔒 ]  TCP connection closed - Remote: 127.0.0.1:55057

[10:15:35 PM] [FLM] [🔗 ]  TCP connection established - Remote: 127.0.0.1:55081

[10:15:35 PM] [FLM] [TCP]  Read 66122 bytes from socket

[10:15:35 PM] [FLM] ================================================

[10:15:35 PM] [FLM] [⬇️ ]  Incoming Request: POST

[10:15:35 PM] [FLM] [LOG]  Time stamp: 22:15:35 09:02:2026

[10:15:35 PM] [FLM] [LOG]  Target: /v1/audio/transcriptions

[10:15:35 PM] [FLM] [LOG]  Version: 11

[10:15:35 PM] [FLM] [LOG]  Keep-Alive: 1

[10:15:35 PM] [FLM] [🟢 ]  NPU Locked!

[10:15:35 PM] [FLM] [info]  Length of audio: 2.048000 seconds

[10:15:35 PM] [FLM] [FLM]  Transforming audio to text...

[10:15:39 PM] [FLM] Audio content:  Thank you.

[10:15:39 PM] [FLM] [🔵 ]  NPU Lock Released!

[10:15:39 PM] [FLM] ================================================

[10:15:39 PM] [FLM] [🔒 ]  TCP connection closed - Remote: 127.0.0.1:55081

[10:15:42 PM] [FLM] [🔗 ]  TCP connection established - Remote: 127.0.0.1:55083

[10:15:42 PM] [FLM] [TCP]  Read 90698 bytes from socket

[10:15:42 PM] [FLM] ================================================

[10:15:42 PM] [FLM] [⬇️ ]  Incoming Request: POST

[10:15:42 PM] [FLM] [LOG]  Time stamp: 22:15:42 09:02:2026

[10:15:42 PM] [FLM] [LOG]  Target: /v1/audio/transcriptions

[10:15:42 PM] [FLM] [LOG]  Version: 11

[10:15:42 PM] [FLM] [LOG]  Keep-Alive: 1

[10:15:42 PM] [FLM] [🟢 ]  NPU Locked!

[10:15:42 PM] [FLM] [info]  Length of audio: 2.816000 seconds

[10:15:42 PM] [FLM] [FLM]  Transforming audio to text...

[10:15:45 PM] [FLM] Audio content:  ...

[10:15:45 PM] [FLM] [🔵 ]  NPU Lock Released!

[10:15:45 PM] [FLM] ================================================

[10:15:45 PM] [FLM] [🔒 ]  TCP connection closed - Remote: 127.0.0.1:55083

[10:15:48 PM] [FLM] [🔗 ]  TCP connection established - Remote: 127.0.0.1:55085

[10:15:48 PM] [FLM] [TCP]  Read 36426 bytes from socket

[10:15:48 PM] [FLM] ================================================

[10:15:48 PM] [FLM] [⬇️ ]  Incoming Request: POST

[10:15:48 PM] [FLM] [LOG]  Time stamp: 22:15:48 09:02:2026

[10:15:48 PM] [FLM] [LOG]  Target: /v1/audio/transcriptions

[10:15:48 PM] [FLM] [LOG]  Version: 11

[10:15:48 PM] [FLM] [LOG]  Keep-Alive: 1

[10:15:48 PM] [FLM] [🟢 ]  NPU Locked!

[10:15:48 PM] [FLM] [info]  Length of audio: 1.120000 seconds

[10:15:48 PM] [FLM] [FLM]  Transforming audio to text...

[10:15:52 PM] [FLM] Audio content:  Thank you.

[10:15:52 PM] [FLM] [🔵 ]  NPU Lock Released!

[10:15:52 PM] [FLM] ================================================

[10:15:52 PM] [FLM] [🔒 ]  TCP connection closed - Remote: 127.0.0.1:55085

[10:15:54 PM] [FLM] [🔗 ]  TCP connection established - Remote: 127.0.0.1:55087

[10:15:54 PM] [FLM] [TCP]  Read 88650 bytes from socket

[10:15:54 PM] [FLM] ================================================

[10:15:54 PM] [FLM] [⬇️ ]  Incoming Request: POST

[10:15:54 PM] [FLM] [LOG]  Time stamp: 22:15:54 09:02:2026

[10:15:54 PM] [FLM] [LOG]  Target: /v1/audio/transcriptions

[10:15:54 PM] [FLM] [LOG]  Version: 11

[10:15:54 PM] [FLM] [LOG]  Keep-Alive: 1

[10:15:54 PM] [FLM] [🟢 ]  NPU Locked!

[10:15:54 PM] [FLM] [info]  Length of audio: 2.752000 seconds

[10:15:54 PM] [FLM] [FLM]  Transforming audio to text...

[10:15:59 PM] [FLM] Audio content:  Pesina reggaeton.

[10:15:59 PM] [FLM] [🔵 ]  NPU Lock Released!

[10:15:59 PM] [FLM] ================================================

[10:15:59 PM] [FLM] [🔒 ]  TCP connection closed - Remote: 127.0.0.1:55087

[10:16:01 PM] [FLM] [🔗 ]  TCP connection established - Remote: 127.0.0.1:55089

[10:16:02 PM] [FLM] [TCP]  Read 320075 bytes from socket

[10:16:02 PM] [FLM] ================================================

[10:16:02 PM] [FLM] [⬇️ ]  Incoming Request: POST

[10:16:02 PM] [FLM] [LOG]  Time stamp: 22:16:02 09:02:2026

[10:16:02 PM] [FLM] [LOG]  Target: /v1/audio/transcriptions

[10:16:02 PM] [FLM] [LOG]  Version: 11

[10:16:02 PM] [FLM] [LOG]  Keep-Alive: 1

[10:16:02 PM] [FLM] [🟢 ]  NPU Locked!

[10:16:02 PM] [FLM] [info]  Length of audio: 9.984000 seconds

[10:16:02 PM] [FLM] [FLM]  Transforming audio to text...

[10:16:09 PM] [FLM] Audio content:  Régi nilirom bhaime, xivadik, xivadik, xivadik, xivadik, xivadik, xivadik, xivadik, xiv

[10:16:09 PM] [FLM] [🔵 ]  NPU Lock Released!

[10:16:09 PM] [FLM] ================================================

[10:16:09 PM] [FLM] [🔒 ]  TCP connection closed - Remote: 127.0.0.1:55089

[10:16:11 PM] [FLM] [🔗 ]  TCP connection established - Remote: 127.0.0.1:55099

[10:16:11 PM] [FLM] [TCP]  Read 53834 bytes from socket

[10:16:11 PM] [FLM] ================================================

[10:16:11 PM] [FLM] [⬇️ ]  Incoming Request: POST

[10:16:11 PM] [FLM] [LOG]  Time stamp: 22:16:11 09:02:2026

[10:16:11 PM] [FLM] [LOG]  Target: /v1/audio/transcriptions

[10:16:11 PM] [FLM] [LOG]  Version: 11

[10:16:11 PM] [FLM] [LOG]  Keep-Alive: 1

[10:16:11 PM] [FLM] [🟢 ]  NPU Locked!

[10:16:11 PM] [FLM] [info]  Length of audio: 1.664000 seconds

[10:16:11 PM] [FLM] [FLM]  Transforming audio to text...

[10:16:15 PM] [FLM] Audio content:  Adiós.

[10:16:15 PM] [FLM] [🔵 ]  NPU Lock Released!

[10:16:15 PM] [FLM] ================================================

[10:16:15 PM] [FLM] [🔒 ]  TCP connection closed - Remote: 127.0.0.1:55099

[10:16:18 PM] [FLM] [🔗 ]  TCP connection established - Remote: 127.0.0.1:55113

[10:16:18 PM] [FLM] [TCP]  Read 310859 bytes from socket

[10:16:18 PM] [FLM] ================================================

[10:16:18 PM] [FLM] [⬇️ ]  Incoming Request: POST

[10:16:18 PM] [FLM] [LOG]  Time stamp: 22:16:18 09:02:2026

[10:16:18 PM] [FLM] [LOG]  Target: /v1/audio/transcriptions

[10:16:18 PM] [FLM] [LOG]  Version: 11

[10:16:18 PM] [FLM] [LOG]  Keep-Alive: 1

[10:16:18 PM] [FLM] [🟢 ]  NPU Locked!

[10:16:18 PM] [FLM] [info]  Length of audio: 9.696000 seconds

[10:16:18 PM] [FLM] [FLM]  Transforming audio to text...

[10:16:23 PM] [FLM] Audio content:  I don't know what the answer is. I don't know what the answer is.

[10:16:23 PM] [FLM] [🔵 ]  NPU Lock Released!

[10:16:23 PM] [FLM] ================================================

[10:16:23 PM] [FLM] [🔒 ]  TCP connection closed - Remote: 127.0.0.1:55113

[10:16:25 PM] [FLM] [🔗 ]  TCP connection established - Remote: 127.0.0.1:55115

[10:16:25 PM] [FLM] [TCP]  Read 92746 bytes from socket

[10:16:25 PM] [FLM] ================================================

[10:16:25 PM] [FLM] [⬇️ ]  Incoming Request: POST

[10:16:25 PM] [FLM] [LOG]  Time stamp: 22:16:25 09:02:2026

[10:16:25 PM] [FLM] [LOG]  Target: /v1/audio/transcriptions

[10:16:25 PM] [FLM] [LOG]  Version: 11

[10:16:25 PM] [FLM] [LOG]  Keep-Alive: 1

[10:16:25 PM] [FLM] [🟢 ]  NPU Locked!

[10:16:25 PM] [FLM] [info]  Length of audio: 2.880000 seconds

[10:16:25 PM] [FLM] [FLM]  Transforming audio to text...

[10:16:29 PM] [FLM] Audio content:  No, no, no.

[10:16:29 PM] [FLM] [🔵 ]  NPU Lock Released!

[10:16:29 PM] [FLM] ================================================

[10:16:29 PM] [FLM] [🔒 ]  TCP connection closed - Remote: 127.0.0.1:55115

[10:16:32 PM] [FLM] [🔗 ]  TCP connection established - Remote: 127.0.0.1:55118

[10:16:32 PM] [FLM] [TCP]  Read 171595 bytes from socket

[10:16:32 PM] [FLM] ================================================

[10:16:32 PM] [FLM] [⬇️ ]  Incoming Request: POST

[10:16:32 PM] [FLM] [LOG]  Time stamp: 22:16:32 09:02:2026

[10:16:32 PM] [FLM] [LOG]  Target: /v1/audio/transcriptions

[10:16:32 PM] [FLM] [LOG]  Version: 11

[10:16:32 PM] [FLM] [LOG]  Keep-Alive: 1

[10:16:32 PM] [FLM] [🟢 ]  NPU Locked!

[10:16:32 PM] [FLM] [info]  Length of audio: 5.344000 seconds

[10:16:32 PM] [FLM] [FLM]  Transforming audio to text...

[10:16:36 PM] [FLM] Audio content:  Lec mergo, yelis, yelis, yelis

[10:16:36 PM] [FLM] [🔵 ]  NPU Lock Released!

[10:16:36 PM] [FLM] ================================================

[10:16:36 PM] [FLM] [🔒 ]  TCP connection closed - Remote: 127.0.0.1:55118

[10:16:39 PM] [FLM] [🔗 ]  TCP connection established - Remote: 127.0.0.1:55120

[10:16:39 PM] [FLM] [TCP]  Read 201291 bytes from socket

[10:16:39 PM] [FLM] ================================================

[10:16:39 PM] [FLM] [⬇️ ]  Incoming Request: POST

[10:16:39 PM] [FLM] [LOG]  Time stamp: 22:16:39 09:02:2026

[10:16:39 PM] [FLM] [LOG]  Target: /v1/audio/transcriptions

[10:16:39 PM] [FLM] [LOG]  Version: 11

[10:16:39 PM] [FLM] [LOG]  Keep-Alive: 1

[10:16:39 PM] [FLM] [🟢 ]  NPU Locked!

[10:16:39 PM] [FLM] [info]  Length of audio: 6.272000 seconds

[10:16:39 PM] [FLM] [FLM]  Transforming audio to text...

[10:16:43 PM] [FLM] Audio content:  Hi, I'm a little bit.

[10:16:43 PM] [FLM] [🔵 ]  NPU Lock Released!

[10:16:43 PM] [FLM] ================================================

[10:16:43 PM] [FLM] [🔒 ]  TCP connection closed - Remote: 127.0.0.1:55120

[10:16:45 PM] [FLM] [🔗 ]  TCP connection established - Remote: 127.0.0.1:55130

[10:16:45 PM] [FLM] [TCP]  Read 223819 bytes from socket

[10:16:45 PM] [FLM] ================================================

[10:16:45 PM] [FLM] [⬇️ ]  Incoming Request: POST

[10:16:45 PM] [FLM] [LOG]  Time stamp: 22:16:45 09:02:2026

[10:16:45 PM] [FLM] [LOG]  Target: /v1/audio/transcriptions

[10:16:45 PM] [FLM] [LOG]  Version: 11

[10:16:45 PM] [FLM] [LOG]  Keep-Alive: 1

[10:16:45 PM] [FLM] [🟢 ]  NPU Locked!

[10:16:45 PM] [FLM] [info]  Length of audio: 6.976000 seconds

[10:16:45 PM] [FLM] [FLM]  Transforming audio to text...

[10:16:50 PM] [FLM] Audio content:  but initially, the graduation is here.

[10:16:50 PM] [FLM] [🔵 ]  NPU Lock Released!

[10:16:50 PM] [FLM] ================================================

[10:16:50 PM] [FLM] [🔒 ]  TCP connection closed - Remote: 127.0.0.1:55130

[10:16:53 PM] [FLM] [🔗 ]  TCP connection established - Remote: 127.0.0.1:55132

[10:16:53 PM] [FLM] [TCP]  Read 513611 bytes from socket

[10:16:53 PM] [FLM] ================================================

[10:16:53 PM] [FLM] [⬇️ ]  Incoming Request: POST

[10:16:53 PM] [FLM] [LOG]  Time stamp: 22:16:53 09:02:2026

[10:16:53 PM] [FLM] [LOG]  Target: /v1/audio/transcriptions

[10:16:53 PM] [FLM] [LOG]  Version: 11

[10:16:53 PM] [FLM] [LOG]  Keep-Alive: 1

[10:16:53 PM] [FLM] [🟢 ]  NPU Locked!

[10:16:53 PM] [FLM] [info]  Length of audio: 16.032000 seconds

[10:16:53 PM] [FLM] [FLM]  Transforming audio to text...

[10:16:58 PM] [FLM] Audio content:  then my master's sense of pondicherry university says and my country is not going to go to the village.

[10:16:58 PM] [FLM] [🔵 ]  NPU Lock Released!

[10:16:58 PM] [FLM] ================================================

[10:16:58 PM] [FLM] [🔒 ]  TCP connection closed - Remote: 127.0.0.1:55132

[10:17:00 PM] [FLM] [🔗 ]  TCP connection established - Remote: 127.0.0.1:55134

[10:17:00 PM] [FLM] [TCP]  Read 311883 bytes from socket

[10:17:00 PM] [FLM] ================================================

[10:17:00 PM] [FLM] [⬇️ ]  Incoming Request: POST

[10:17:00 PM] [FLM] [LOG]  Time stamp: 22:17:00 09:02:2026

[10:17:00 PM] [FLM] [LOG]  Target: /v1/audio/transcriptions

[10:17:00 PM] [FLM] [LOG]  Version: 11

[10:17:00 PM] [FLM] [LOG]  Keep-Alive: 1

[10:17:00 PM] [FLM] [🟢 ]  NPU Locked!

[10:17:00 PM] [FLM] [info]  Length of audio: 9.728000 seconds

[10:17:00 PM] [FLM] [FLM]  Transforming audio to text...

[10:17:05 PM] [FLM] Audio content:  I suggested that this way that we implement that will be more place.

[10:17:05 PM] [FLM] [🔵 ]  NPU Lock Released!

[10:17:05 PM] [FLM] ================================================

[10:17:05 PM] [FLM] [🔒 ]  TCP connection closed - Remote: 127.0.0.1:55134

[10:17:08 PM] [FLM] [🔗 ]  TCP connection established - Remote: 127.0.0.1:55144

[10:17:08 PM] [FLM] [TCP]  Read 225867 bytes from socket

[10:17:08 PM] [FLM] ================================================

[10:17:08 PM] [FLM] [⬇️ ]  Incoming Request: POST

[10:17:08 PM] [FLM] [LOG]  Time stamp: 22:17:08 09:02:2026

[10:17:08 PM] [FLM] [LOG]  Target: /v1/audio/transcriptions

[10:17:08 PM] [FLM] [LOG]  Version: 11

[10:17:08 PM] [FLM] [LOG]  Keep-Alive: 1

[10:17:08 PM] [FLM] [🟢 ]  NPU Locked!

[10:17:08 PM] [FLM] [info]  Length of audio: 7.040000 seconds

[10:17:08 PM] [FLM] [FLM]  Transforming audio to text...

[10:17:12 PM] [FLM] Audio content:  then currently, I am currently in the Facebook section of the question.

[10:17:12 PM] [FLM] [🔵 ]  NPU Lock Released!

[10:17:12 PM] [FLM] ================================================

[10:17:12 PM] [FLM] [🔒 ]  TCP connection closed - Remote: 127.0.0.1:55144

[10:17:15 PM] [FLM] [🔗 ]  TCP connection established - Remote: 127.0.0.1:55146

[10:17:15 PM] [FLM] [TCP]  Read 247371 bytes from socket

[10:17:15 PM] [FLM] ================================================

[10:17:15 PM] [FLM] [⬇️ ]  Incoming Request: POST

[10:17:15 PM] [FLM] [LOG]  Time stamp: 22:17:15 09:02:2026

[10:17:15 PM] [FLM] [LOG]  Target: /v1/audio/transcriptions

[10:17:15 PM] [FLM] [LOG]  Version: 11

[10:17:15 PM] [FLM] [LOG]  Keep-Alive: 1

[10:17:15 PM] [FLM] [🟢 ]  NPU Locked!

[10:17:15 PM] [FLM] [info]  Length of audio: 7.712000 seconds

[10:17:15 PM] [FLM] [FLM]  Transforming audio to text...

[10:17:19 PM] [FLM] Audio content:  and along with that, me like that handling.

[10:17:19 PM] [FLM] [🔵 ]  NPU Lock Released!

[10:17:19 PM] [FLM] ================================================

[10:17:19 PM] [FLM] [🔒 ]  TCP connection closed - Remote: 127.0.0.1:55146

[10:17:21 PM] [FLM] [🔗 ]  TCP connection established - Remote: 127.0.0.1:55148

[10:17:21 PM] [FLM] [TCP]  Read 110155 bytes from socket

[10:17:21 PM] [FLM] ================================================

[10:17:21 PM] [FLM] [⬇️ ]  Incoming Request: POST

[10:17:21 PM] [FLM] [LOG]  Time stamp: 22:17:21 09:02:2026

[10:17:21 PM] [FLM] [LOG]  Target: /v1/audio/transcriptions

[10:17:21 PM] [FLM] [LOG]  Version: 11

[10:17:21 PM] [FLM] [LOG]  Keep-Alive: 1

[10:17:21 PM] [FLM] [🟢 ]  NPU Locked!

[10:17:21 PM] [FLM] [info]  Length of audio: 3.424000 seconds

[10:17:21 PM] [FLM] [FLM]  Transforming audio to text...

[10:17:25 PM] [FLM] Audio content:  А где стигаварк?

[10:17:25 PM] [FLM] [🔵 ]  NPU Lock Released!

[10:17:25 PM] [FLM] ================================================

[10:17:25 PM] [FLM] [🔒 ]  TCP connection closed - Remote: 127.0.0.1:55148

[10:17:28 PM] [FLM] [🔗 ]  TCP connection established - Remote: 127.0.0.1:62642

[10:17:28 PM] [FLM] [TCP]  Read 152139 bytes from socket

[10:17:28 PM] [FLM] ================================================

[10:17:28 PM] [FLM] [⬇️ ]  Incoming Request: POST

[10:17:28 PM] [FLM] [LOG]  Time stamp: 22:17:28 09:02:2026

[10:17:28 PM] [FLM] [LOG]  Target: /v1/audio/transcriptions

[10:17:28 PM] [FLM] [LOG]  Version: 11

[10:17:28 PM] [FLM] [LOG]  Keep-Alive: 1

[10:17:28 PM] [FLM] [🟢 ]  NPU Locked!

[10:17:28 PM] [FLM] [info]  Length of audio: 4.736000 seconds

[10:17:28 PM] [FLM] [FLM]  Transforming audio to text...

[10:17:32 PM] [FLM] Audio content:  Here are the sales department.

[10:17:32 PM] [FLM] [🔵 ]  NPU Lock Released!

[10:17:32 PM] [FLM] ================================================

[10:17:32 PM] [FLM] [🔒 ]  TCP connection closed - Remote: 127.0.0.1:62642

[10:17:35 PM] [FLM] [🔗 ]  TCP connection established - Remote: 127.0.0.1:62644

[10:17:35 PM] [FLM] [TCP]  Read 389707 bytes from socket

[10:17:35 PM] [FLM] ================================================

[10:17:35 PM] [FLM] [⬇️ ]  Incoming Request: POST

[10:17:35 PM] [FLM] [LOG]  Time stamp: 22:17:35 09:02:2026

[10:17:35 PM] [FLM] [LOG]  Target: /v1/audio/transcriptions

[10:17:35 PM] [FLM] [LOG]  Version: 11

[10:17:35 PM] [FLM] [LOG]  Keep-Alive: 1

[10:17:35 PM] [FLM] [🟢 ]  NPU Locked!

[10:17:35 PM] [FLM] [info]  Length of audio: 12.160000 seconds

[10:17:35 PM] [FLM] [FLM]  Transforming audio to text...

[10:17:45 PM] [FLM] Audio content:  तेक पूरा sales handle, कित ने क्या दुकाने क तेक पूरा sales handle, कित ने क्या दुकाने क इसे आउट्विश क करना है, क्या प्लान करना है, क[🔴 ]  Client disconnected; cancelling active request

[10:17:45 PM] [FLM] ्या प्ल

[10:17:45 PM] [FLM] [🔵 ]  NPU Lock Released!

[10:17:45 PM] [FLM] ================================================

[10:17:45 PM] [FLM] [🔒 ]  TCP connection closed - Remote: 127.0.0.1:62644

[10:17:47 PM] [FLM] [🔗 ]  TCP connection established - Remote: 127.0.0.1:62646

[10:17:47 PM] [FLM] [TCP]  Read 165451 bytes from socket

[10:17:47 PM] [FLM] ================================================

[10:17:47 PM] [FLM] [⬇️ ]  Incoming Request: POST

[10:17:47 PM] [FLM] [LOG]  Time stamp: 22:17:47 09:02:2026

[10:17:47 PM] [FLM] [LOG]  Target: /v1/audio/transcriptions

[10:17:47 PM] [FLM] [LOG]  Version: 11

[10:17:47 PM] [FLM] [LOG]  Keep-Alive: 1

[10:17:47 PM] [FLM] [🟢 ]  NPU Locked!

[10:17:47 PM] [FLM] [info]  Length of audio: 5.152000 seconds

[10:17:47 PM] [FLM] [FLM]  Transforming audio to text...

[10:17:52 PM] [FLM] Audio content:  प्रक्राइब करना है

[10:17:52 PM] [FLM] [🔵 ]  NPU Lock Released!

[10:17:52 PM] [FLM] ================================================

[10:17:52 PM] [FLM] [🔒 ]  TCP connection closed - Remote: 127.0.0.1:62646

[10:17:55 PM] [FLM] [🔗 ]  TCP connection established - Remote: 127.0.0.1:62665

[10:17:55 PM] [FLM] [TCP]  Read 297547 bytes from socket

[10:17:55 PM] [FLM] ================================================

[10:17:55 PM] [FLM] [⬇️ ]  Incoming Request: POST

[10:17:55 PM] [FLM] [LOG]  Time stamp: 22:17:55 09:02:2026

[10:17:55 PM] [FLM] [LOG]  Target: /v1/audio/transcriptions

[10:17:55 PM] [FLM] [LOG]  Version: 11

[10:17:55 PM] [FLM] [LOG]  Keep-Alive: 1

[10:17:55 PM] [FLM] [🟢 ]  NPU Locked!

[10:17:55 PM] [FLM] [info]  Length of audio: 9.280000 seconds

[10:17:55 PM] [FLM] [FLM]  Transforming audio to text...

[10:18:03 PM] [FLM] Audio content:  इस जुकर्ण के कि प्रेश देख क्या है यह लेक्ट पर इस पर्टिबल एंडे

[10:18:03 PM] [FLM] [🔵 ]  NPU Lock Released!

[10:18:03 PM] [FLM] ================================================

[10:18:03 PM] [FLM] [🔒 ]  TCP connection closed - Remote: 127.0.0.1:62665

[10:18:05 PM] [FLM] [🔗 ]  TCP connection established - Remote: 127.0.0.1:62667

[10:18:05 PM] [FLM] [TCP]  Read 120395 bytes from socket

[10:18:05 PM] [FLM] ================================================

[10:18:05 PM] [FLM] [⬇️ ]  Incoming Request: POST

[10:18:05 PM] [FLM] [LOG]  Time stamp: 22:18:05 09:02:2026

[10:18:05 PM] [FLM] [LOG]  Target: /v1/audio/transcriptions

[10:18:05 PM] [FLM] [LOG]  Version: 11

[10:18:05 PM] [FLM] [LOG]  Keep-Alive: 1

[10:18:05 PM] [FLM] [🟢 ]  NPU Locked!

[10:18:05 PM] [FLM] [info]  Length of audio: 3.744000 seconds

[10:18:05 PM] [FLM] [FLM]  Transforming audio to text...

[10:18:09 PM] [FLM] Audio content:  Non la intuasme karta dao.

[10:18:09 PM] [FLM] [🔵 ]  NPU Lock Released!

[10:18:09 PM] [FLM] ================================================

[10:18:09 PM] [FLM] [🔒 ]  TCP connection closed - Remote: 127.0.0.1:62667

[10:18:12 PM] [FLM] [🔗 ]  TCP connection established - Remote: 127.0.0.1:62669

[10:18:12 PM] [FLM] [TCP]  Read 330315 bytes from socket

[10:18:12 PM] [FLM] ================================================

[10:18:12 PM] [FLM] [⬇️ ]  Incoming Request: POST

[10:18:12 PM] [FLM] [LOG]  Time stamp: 22:18:12 09:02:2026

[10:18:12 PM] [FLM] [LOG]  Target: /v1/audio/transcriptions

[10:18:12 PM] [FLM] [LOG]  Version: 11

[10:18:12 PM] [FLM] [LOG]  Keep-Alive: 1

[10:18:12 PM] [FLM] [🟢 ]  NPU Locked!

[10:18:12 PM] [FLM] [info]  Length of audio: 10.304000 seconds

[10:18:12 PM] [FLM] [FLM]  Transforming audio to text...

[10:18:17 PM] [FLM] Audio content:  like data entry, ledger maintain ESM, like system software ESM me

[10:18:17 PM] [FLM] [🔵 ]  NPU Lock Released!

[10:18:17 PM] [FLM] ================================================

[10:18:17 PM] [FLM] [🔒 ]  TCP connection closed - Remote: 127.0.0.1:62669

[10:18:20 PM] [FLM] [🔗 ]  TCP connection established - Remote: 127.0.0.1:62684

[10:18:20 PM] [FLM] [TCP]  Read 227915 bytes from socket

[10:18:20 PM] [FLM] ================================================

[10:18:20 PM] [FLM] [⬇️ ]  Incoming Request: POST

[10:18:20 PM] [FLM] [LOG]  Time stamp: 22:18:20 09:02:2026

[10:18:20 PM] [FLM] [LOG]  Target: /v1/audio/transcriptions

[10:18:20 PM] [FLM] [LOG]  Version: 11

[10:18:20 PM] [FLM] [LOG]  Keep-Alive: 1

[10:18:20 PM] [FLM] [🟢 ]  NPU Locked!

[10:18:20 PM] [FLM] [info]  Length of audio: 7.104000 seconds

[10:18:20 PM] [FLM] [FLM]  Transforming audio to text...

[10:18:24 PM] [FLM] Audio content:  and uh so like

[10:18:24 PM] [FLM] [🔵 ]  NPU Lock Released!

[10:18:24 PM] [FLM] ================================================

[10:18:24 PM] [FLM] [🔒 ]  TCP connection closed - Remote: 127.0.0.1:62684

[10:18:27 PM] [FLM] [🔗 ]  TCP connection established - Remote: 127.0.0.1:62686

[10:18:27 PM] [FLM] [TCP]  Read 303691 bytes from socket

[10:18:27 PM] [FLM] ================================================

[10:18:27 PM] [FLM] [⬇️ ]  Incoming Request: POST

[10:18:27 PM] [FLM] [LOG]  Time stamp: 22:18:27 09:02:2026

[10:18:27 PM] [FLM] [LOG]  Target: /v1/audio/transcriptions

[10:18:27 PM] [FLM] [LOG]  Version: 11

[10:18:27 PM] [FLM] [LOG]  Keep-Alive: 1

[10:18:27 PM] [FLM] [🟢 ]  NPU Locked!

[10:18:27 PM] [FLM] [info]  Length of audio: 9.472000 seconds

[10:18:27 PM] [FLM] [FLM]  Transforming audio to text...

[10:18:31 PM] [FLM] Audio content:  i am more into it

[10:18:31 PM] [FLM] [🔵 ]  NPU Lock Released!

[10:18:31 PM] [FLM] ================================================

[10:18:31 PM] [FLM] [🔒 ]  TCP connection closed - Remote: 127.0.0.1:62686

[10:18:33 PM] [FLM] [🔗 ]  TCP connection established - Remote: 127.0.0.1:58502

[10:18:33 PM] [FLM] [TCP]  Read 109131 bytes from socket

[10:18:33 PM] [FLM] ================================================

[10:18:33 PM] [FLM] [⬇️ ]  Incoming Request: POST

[10:18:33 PM] [FLM] [LOG]  Time stamp: 22:18:33 09:02:2026

[10:18:33 PM] [FLM] [LOG]  Target: /v1/audio/transcriptions

[10:18:33 PM] [FLM] [LOG]  Version: 11

[10:18:33 PM] [FLM] [LOG]  Keep-Alive: 1

[10:18:33 PM] [FLM] [🟢 ]  NPU Locked!

[10:18:33 PM] [FLM] [info]  Length of audio: 3.392000 seconds

[10:18:33 PM] [FLM] [FLM]  Transforming audio to text...

[10:18:37 PM] [FLM] Audio content:  Margin character.

[10:18:37 PM] [FLM] [🔵 ]  NPU Lock Released!

[10:18:37 PM] [FLM] ================================================

[10:18:37 PM] [FLM] [🔒 ]  TCP connection closed - Remote: 127.0.0.1:58502

[10:18:40 PM] [FLM] [🔗 ]  TCP connection established - Remote: 127.0.0.1:58504

[10:18:40 PM] [FLM] [TCP]  Read 152139 bytes from socket

[10:18:40 PM] [FLM] ================================================

[10:18:40 PM] [FLM] [⬇️ ]  Incoming Request: POST

[10:18:40 PM] [FLM] [LOG]  Time stamp: 22:18:40 09:02:2026

[10:18:40 PM] [FLM] [LOG]  Target: /v1/audio/transcriptions

[10:18:40 PM] [FLM] [LOG]  Version: 11

[10:18:40 PM] [FLM] [LOG]  Keep-Alive: 1

[10:18:40 PM] [FLM] [🟢 ]  NPU Locked!

[10:18:40 PM] [FLM] [info]  Length of audio: 4.736000 seconds

[10:18:40 PM] [FLM] [FLM]  Transforming audio to text...

[10:18:44 PM] [FLM] Audio content:  So more into this cell statistics.

[10:18:44 PM] [FLM] [🔵 ]  NPU Lock Released!

[10:18:44 PM] [FLM] ================================================

[10:18:44 PM] [FLM] [🔒 ]  TCP connection closed - Remote: 127.0.0.1:58504

[10:18:46 PM] [FLM] [🔗 ]  TCP connection established - Remote: 127.0.0.1:58507

[10:18:46 PM] [FLM] [TCP]  Read 55882 bytes from socket

[10:18:46 PM] [FLM] ================================================

[10:18:46 PM] [FLM] [⬇️ ]  Incoming Request: POST

[10:18:46 PM] [FLM] [LOG]  Time stamp: 22:18:46 09:02:2026

[10:18:46 PM] [FLM] [LOG]  Target: /v1/audio/transcriptions

[10:18:46 PM] [FLM] [LOG]  Version: 11

[10:18:46 PM] [FLM] [LOG]  Keep-Alive: 1

[10:18:46 PM] [FLM] [🟢 ]  NPU Locked!

[10:18:46 PM] [FLM] [info]  Length of audio: 1.728000 seconds

[10:18:46 PM] [FLM] [FLM]  Transforming audio to text...

[10:18:50 PM] [FLM] Audio content:  Oh.

[10:18:50 PM] [FLM] [🔵 ]  NPU Lock Released!

[10:18:50 PM] [FLM] ================================================

[10:18:50 PM] [FLM] [🔒 ]  TCP connection closed - Remote: 127.0.0.1:58507

[10:18:52 PM] [FLM] [🔗 ]  TCP connection established - Remote: 127.0.0.1:58509

[10:18:52 PM] [FLM] [TCP]  Read 195147 bytes from socket

[10:18:52 PM] [FLM] ================================================

[10:18:52 PM] [FLM] [⬇️ ]  Incoming Request: POST

[10:18:52 PM] [FLM] [LOG]  Time stamp: 22:18:52 09:02:2026

[10:18:52 PM] [FLM] [LOG]  Target: /v1/audio/transcriptions

[10:18:52 PM] [FLM] [LOG]  Version: 11

[10:18:52 PM] [FLM] [LOG]  Keep-Alive: 1

[10:18:52 PM] [FLM] [🟢 ]  NPU Locked!

[10:18:52 PM] [FLM] [info]  Length of audio: 6.080000 seconds

[10:18:52 PM] [FLM] [FLM]  Transforming audio to text...

[10:18:57 PM] [FLM] Audio content:  Abhi bhi karraam to move back in which for a walk.

[10:18:57 PM] [FLM] [🔵 ]  NPU Lock Released!

[10:18:57 PM] [FLM] ================================================

[10:18:57 PM] [FLM] [🔒 ]  TCP connection closed - Remote: 127.0.0.1:58509

[10:18:59 PM] [FLM] [🔗 ]  TCP connection established - Remote: 127.0.0.1:58511

[10:18:59 PM] [FLM] [TCP]  Read 191051 bytes from socket

[10:18:59 PM] [FLM] ================================================

[10:18:59 PM] [FLM] [⬇️ ]  Incoming Request: POST

[10:18:59 PM] [FLM] [LOG]  Time stamp: 22:18:59 09:02:2026

[10:18:59 PM] [FLM] [LOG]  Target: /v1/audio/transcriptions

[10:18:59 PM] [FLM] [LOG]  Version: 11

[10:18:59 PM] [FLM] [LOG]  Keep-Alive: 1

[10:18:59 PM] [FLM] [🟢 ]  NPU Locked!

[10:18:59 PM] [FLM] [info]  Length of audio: 5.952000 seconds

[10:18:59 PM] [FLM] [FLM]  Transforming audio to text...

[10:19:06 PM] [FLM] Audio content:  अभी नेशले के सब पर प्रटी घ्यान में ये कर रहा हूँ.

[10:19:06 PM] [FLM] [🔵 ]  NPU Lock Released!

[10:19:06 PM] [FLM] ================================================

[10:19:06 PM] [FLM] [🔒 ]  TCP connection closed - Remote: 127.0.0.1:58511

[10:19:09 PM] [FLM] [🔗 ]  TCP connection established - Remote: 127.0.0.1:58513

[10:19:09 PM] [FLM] [TCP]  Read 255563 bytes from socket

[10:19:09 PM] [FLM] ================================================

[10:19:09 PM] [FLM] [⬇️ ]  Incoming Request: POST

[10:19:09 PM] [FLM] [LOG]  Time stamp: 22:19:09 09:02:2026

[10:19:09 PM] [FLM] [LOG]  Target: /v1/audio/transcriptions

[10:19:09 PM] [FLM] [LOG]  Version: 11

[10:19:09 PM] [FLM] [LOG]  Keep-Alive: 1

[10:19:09 PM] [FLM] [🟢 ]  NPU Locked!

[10:19:09 PM] [FLM] [info]  Length of audio: 7.968000 seconds

[10:19:09 PM] [FLM] [FLM]  Transforming audio to text...

[10:19:15 PM] [FLM] Audio content:  तो वे जाद तू अपन इच जिसका में ले

[10:19:15 PM] [FLM] [🔵 ]  NPU Lock Released!

[10:19:15 PM] [FLM] ================================================

[10:19:15 PM] [FLM] [🔒 ]  TCP connection closed - Remote: 127.0.0.1:58513

[10:19:18 PM] [FLM] [🔗 ]  TCP connection established - Remote: 127.0.0.1:58515

[10:19:18 PM] [FLM] [TCP]  Read 407115 bytes from socket

[10:19:18 PM] [FLM] ================================================

[10:19:18 PM] [FLM] [⬇️ ]  Incoming Request: POST

[10:19:18 PM] [FLM] [LOG]  Time stamp: 22:19:18 09:02:2026

[10:19:18 PM] [FLM] [LOG]  Target: /v1/audio/transcriptions

[10:19:18 PM] [FLM] [LOG]  Version: 11

[10:19:18 PM] [FLM] [LOG]  Keep-Alive: 1

[10:19:18 PM] [FLM] [🟢 ]  NPU Locked!

[10:19:18 PM] [FLM] [info]  Length of audio: 12.704000 seconds

[10:19:18 PM] [FLM] [FLM]  Transforming audio to text...

[10:19:23 PM] [FLM] Audio content:  I will be here. Thank you. Thank you. Thank you

[10:19:23 PM] [FLM] [🔵 ]  NPU Lock Released!

[10:19:23 PM] [FLM] ================================================

[10:19:23 PM] [FLM] [🔒 ]  TCP connection closed - Remote: 127.0.0.1:58515

[10:19:25 PM] [FLM] [🔗 ]  TCP connection established - Remote: 127.0.0.1:58517

[10:19:25 PM] [FLM] [TCP]  Read 139851 bytes from socket

[10:19:25 PM] [FLM] ================================================

[10:19:25 PM] [FLM] [⬇️ ]  Incoming Request: POST

[10:19:25 PM] [FLM] [LOG]  Time stamp: 22:19:25 09:02:2026

[10:19:25 PM] [FLM] [LOG]  Target: /v1/audio/transcriptions

[10:19:25 PM] [FLM] [LOG]  Version: 11

[10:19:25 PM] [FLM] [LOG]  Keep-Alive: 1

[10:19:25 PM] [FLM] [🟢 ]  NPU Locked!

[10:19:25 PM] [FLM] [info]  Length of audio: 4.352000 seconds

[10:19:25 PM] [FLM] [FLM]  Transforming audio to text...

[10:19:30 PM] [FLM] Audio content:  Ем мадар тортал, е кам.

[10:19:30 PM] [FLM] [🔵 ]  NPU Lock Released!

[10:19:30 PM] [FLM] ================================================

[10:19:30 PM] [FLM] [🔒 ]  TCP connection closed - Remote: 127.0.0.1:58517

[10:19:32 PM] [FLM] [🔗 ]  TCP connection established - Remote: 127.0.0.1:58519

[10:19:32 PM] [FLM] [TCP]  Read 69194 bytes from socket

[10:19:32 PM] [FLM] ================================================

[10:19:32 PM] [FLM] [⬇️ ]  Incoming Request: POST

[10:19:32 PM] [FLM] [LOG]  Time stamp: 22:19:32 09:02:2026

[10:19:32 PM] [FLM] [LOG]  Target: /v1/audio/transcriptions

[10:19:32 PM] [FLM] [LOG]  Version: 11

[10:19:32 PM] [FLM] [LOG]  Keep-Alive: 1

[10:19:32 PM] [FLM] [🟢 ]  NPU Locked!

[10:19:32 PM] [FLM] [info]  Length of audio: 2.144000 seconds

[10:19:32 PM] [FLM] [FLM]  Transforming audio to text...

[10:19:36 PM] [FLM] Audio content:  Yes, sir.

[10:19:36 PM] [FLM] [🔵 ]  NPU Lock Released!

[10:19:36 PM] [FLM] ================================================

[10:19:36 PM] [FLM] [🔒 ]  TCP connection closed - Remote: 127.0.0.1:58519

[10:19:38 PM] [FLM] [🔗 ]  TCP connection established - Remote: 127.0.0.1:58521

[10:19:38 PM] [FLM] [TCP]  Read 46666 bytes from socket

[10:19:38 PM] [FLM] ================================================

[10:19:38 PM] [FLM] [⬇️ ]  Incoming Request: POST

[10:19:38 PM] [FLM] [LOG]  Time stamp: 22:19:38 09:02:2026

[10:19:38 PM] [FLM] [LOG]  Target: /v1/audio/transcriptions

[10:19:38 PM] [FLM] [LOG]  Version: 11

[10:19:38 PM] [FLM] [LOG]  Keep-Alive: 1

[10:19:38 PM] [FLM] [🟢 ]  NPU Locked!

[10:19:38 PM] [FLM] [info]  Length of audio: 1.440000 seconds

[10:19:38 PM] [FLM] [FLM]  Transforming audio to text...

[10:19:43 PM] [FLM] Audio content:  Ablo.

[10:19:43 PM] [FLM] [🔵 ]  NPU Lock Released!

[10:19:43 PM] [FLM] ================================================

[10:19:43 PM] [FLM] [🔒 ]  TCP connection closed - Remote: 127.0.0.1:58521

[10:19:45 PM] [FLM] [🔗 ]  TCP connection established - Remote: 127.0.0.1:58523

[10:19:45 PM] [FLM] [TCP]  Read 51786 bytes from socket

[10:19:45 PM] [FLM] ================================================

[10:19:45 PM] [FLM] [⬇️ ]  Incoming Request: POST

[10:19:45 PM] [FLM] [LOG]  Time stamp: 22:19:45 09:02:2026

[10:19:45 PM] [FLM] [LOG]  Target: /v1/audio/transcriptions

[10:19:45 PM] [FLM] [LOG]  Version: 11

[10:19:45 PM] [FLM] [LOG]  Keep-Alive: 1

[10:19:45 PM] [FLM] [🟢 ]  NPU Locked!

[10:19:45 PM] [FLM] [info]  Length of audio: 1.600000 seconds

[10:19:45 PM] [FLM] [FLM]  Transforming audio to text...

[10:19:49 PM] [FLM] Audio content:  Thank you.

[10:19:49 PM] [FLM] [🔵 ]  NPU Lock Released!

[10:19:49 PM] [FLM] ================================================

[10:19:49 PM] [FLM] [🔒 ]  TCP connection closed - Remote: 127.0.0.1:58523

[10:19:51 PM] [FLM] [🔗 ]  TCP connection established - Remote: 127.0.0.1:54443

[10:19:51 PM] [FLM] [TCP]  Read 86602 bytes from socket

[10:19:51 PM] [FLM] ================================================

[10:19:51 PM] [FLM] [⬇️ ]  Incoming Request: POST

[10:19:51 PM] [FLM] [LOG]  Time stamp: 22:19:51 09:02:2026

[10:19:51 PM] [FLM] [LOG]  Target: /v1/audio/transcriptions

[10:19:51 PM] [FLM] [LOG]  Version: 11

[10:19:51 PM] [FLM] [LOG]  Keep-Alive: 1

[10:19:51 PM] [FLM] [🟢 ]  NPU Locked!

[10:19:51 PM] [FLM] [info]  Length of audio: 2.688000 seconds

[10:19:51 PM] [FLM] [FLM]  Transforming audio to text...

[10:19:55 PM] [FLM] Audio content:  Seu an.

[10:19:55 PM] [FLM] [🔵 ]  NPU Lock Released!

[10:19:55 PM] [FLM] ================================================

[10:19:55 PM] [FLM] [🔒 ]  TCP connection closed - Remote: 127.0.0.1:54443

[10:19:57 PM] [FLM] [🔗 ]  TCP connection established - Remote: 127.0.0.1:54445

[10:19:57 PM] [FLM] [TCP]  Read 173643 bytes from socket

[10:19:57 PM] [FLM] ================================================

[10:19:57 PM] [FLM] [⬇️ ]  Incoming Request: POST

[10:19:57 PM] [FLM] [LOG]  Time stamp: 22:19:57 09:02:2026

[10:19:57 PM] [FLM] [LOG]  Target: /v1/audio/transcriptions

[10:19:57 PM] [FLM] [LOG]  Version: 11

[10:19:57 PM] [FLM] [LOG]  Keep-Alive: 1

[10:19:57 PM] [FLM] [🟢 ]  NPU Locked!

[10:19:57 PM] [FLM] [info]  Length of audio: 5.408000 seconds

[10:19:57 PM] [FLM] [FLM]  Transforming audio to text...

[10:20:01 PM] [FLM] Audio content:  don't always have to look at me

[10:20:01 PM] [FLM] [🔵 ]  NPU Lock Released!

[10:20:01 PM] [FLM] ================================================

[10:20:01 PM] [FLM] [🔒 ]  TCP connection closed - Remote: 127.0.0.1:54445

[10:20:04 PM] [FLM] [🔗 ]  TCP connection established - Remote: 127.0.0.1:54447

[10:20:04 PM] [FLM] [TCP]  Read 200267 bytes from socket

[10:20:04 PM] [FLM] ================================================

[10:20:04 PM] [FLM] [⬇️ ]  Incoming Request: POST

[10:20:04 PM] [FLM] [LOG]  Time stamp: 22:20:04 09:02:2026

[10:20:04 PM] [FLM] [LOG]  Target: /v1/audio/transcriptions

[10:20:04 PM] [FLM] [LOG]  Version: 11

[10:20:04 PM] [FLM] [LOG]  Keep-Alive: 1

[10:20:04 PM] [FLM] [🟢 ]  NPU Locked!

[10:20:04 PM] [FLM] [info]  Length of audio: 6.240000 seconds

[10:20:04 PM] [FLM] [FLM]  Transforming audio to text...

[10:20:08 PM] [FLM] Audio content:  Ah, ma va-t'en.

[10:20:08 PM] [FLM] [🔵 ]  NPU Lock Released!

[10:20:08 PM] [FLM] ================================================

[10:20:08 PM] [FLM] [🔒 ]  TCP connection closed - Remote: 127.0.0.1:54447

[10:20:10 PM] [FLM] [🔗 ]  TCP connection established - Remote: 127.0.0.1:54449

[10:20:10 PM] [FLM] [TCP]  Read 40522 bytes from socket

[10:20:10 PM] [FLM] ================================================

[10:20:10 PM] [FLM] [⬇️ ]  Incoming Request: POST

[10:20:10 PM] [FLM] [LOG]  Time stamp: 22:20:10 09:02:2026

[10:20:10 PM] [FLM] [LOG]  Target: /v1/audio/transcriptions

[10:20:10 PM] [FLM] [LOG]  Version: 11

[10:20:10 PM] [FLM] [LOG]  Keep-Alive: 1

[10:20:10 PM] [FLM] [🟢 ]  NPU Locked!

[10:20:10 PM] [FLM] [info]  Length of audio: 1.248000 seconds

[10:20:10 PM] [FLM] [FLM]  Transforming audio to text...

[10:20:14 PM] [FLM] Audio content:  Thank you.

[10:20:14 PM] [FLM] [🔵 ]  NPU Lock Released!

[10:20:14 PM] [FLM] ================================================

[10:20:14 PM] [FLM] [🔒 ]  TCP connection closed - Remote: 127.0.0.1:54449

[10:20:16 PM] [FLM] [🔗 ]  TCP connection established - Remote: 127.0.0.1:54451

[10:20:16 PM] [FLM] [TCP]  Read 90698 bytes from socket

[10:20:16 PM] [FLM] ================================================

[10:20:16 PM] [FLM] [⬇️ ]  Incoming Request: POST

[10:20:16 PM] [FLM] [LOG]  Time stamp: 22:20:16 09:02:2026

[10:20:16 PM] [FLM] [LOG]  Target: /v1/audio/transcriptions

[10:20:16 PM] [FLM] [LOG]  Version: 11

[10:20:16 PM] [FLM] [LOG]  Keep-Alive: 1

[10:20:16 PM] [FLM] [🟢 ]  NPU Locked!

[10:20:16 PM] [FLM] [info]  Length of audio: 2.816000 seconds

[10:20:16 PM] [FLM] [FLM]  Transforming audio to text...

[10:20:20 PM] [FLM] Audio content:  So, um...

[10:20:20 PM] [FLM] [🔵 ]  NPU Lock Released!

[10:20:20 PM] [FLM] ================================================

[10:20:20 PM] [FLM] [🔒 ]  TCP connection closed - Remote: 127.0.0.1:54451

[10:20:23 PM] [FLM] [🔗 ]  TCP connection established - Remote: 127.0.0.1:54465

[10:20:23 PM] [FLM] [TCP]  Read 271947 bytes from socket

[10:20:23 PM] [FLM] ================================================

[10:20:23 PM] [FLM] [⬇️ ]  Incoming Request: POST

[10:20:23 PM] [FLM] [LOG]  Time stamp: 22:20:23 09:02:2026

[10:20:23 PM] [FLM] [LOG]  Target: /v1/audio/transcriptions

[10:20:23 PM] [FLM] [LOG]  Version: 11

[10:20:23 PM] [FLM] [LOG]  Keep-Alive: 1

[10:20:23 PM] [FLM] [🟢 ]  NPU Locked!

[10:20:23 PM] [FLM] [info]  Length of audio: 8.480000 seconds

[10:20:23 PM] [FLM] [FLM]  Transforming audio to text...

[10:20:28 PM] [FLM] Audio content:  मैंने 2020 में B-Tech किया Mechanical Engineering से.

[10:20:28 PM] [FLM] [🔵 ]  NPU Lock Released!

[10:20:28 PM] [FLM] ================================================

[10:20:28 PM] [FLM] [🔒 ]  TCP connection closed - Remote: 127.0.0.1:54465

[10:20:31 PM] [FLM] [🔗 ]  TCP connection established - Remote: 127.0.0.1:54467

[10:20:31 PM] [FLM] [TCP]  Read 500299 bytes from socket

[10:20:31 PM] [FLM] ================================================

[10:20:31 PM] [FLM] [⬇️ ]  Incoming Request: POST

[10:20:31 PM] [FLM] [LOG]  Time stamp: 22:20:31 09:02:2026

[10:20:31 PM] [FLM] [LOG]  Target: /v1/audio/transcriptions

[10:20:31 PM] [FLM] [LOG]  Version: 11

[10:20:31 PM] [FLM] [LOG]  Keep-Alive: 1

[10:20:31 PM] [FLM] [🟢 ]  NPU Locked!

[10:20:31 PM] [FLM] [info]  Length of audio: 15.616000 seconds

[10:20:31 PM] [FLM] [FLM]  Transforming audio to text...

[10:20:36 PM] [FLM] Audio content:  उसके बाद मैं कोग् ने लग पर जीर सा

[10:20:36 PM] [FLM] [🔵 ]  NPU Lock Released!

[10:20:36 PM] [FLM] ================================================

[10:20:36 PM] [FLM] [🔒 ]  TCP connection closed - Remote: 127.0.0.1:54467

[10:20:38 PM] [FLM] [🔗 ]  TCP connection established - Remote: 127.0.0.1:54469

[10:20:38 PM] [FLM] [TCP]  Read 166475 bytes from socket

[10:20:38 PM] [FLM] ================================================

[10:20:38 PM] [FLM] [⬇️ ]  Incoming Request: POST

[10:20:38 PM] [FLM] [LOG]  Time stamp: 22:20:38 09:02:2026

[10:20:38 PM] [FLM] [LOG]  Target: /v1/audio/transcriptions

[10:20:38 PM] [FLM] [LOG]  Version: 11

[10:20:38 PM] [FLM] [LOG]  Keep-Alive: 1

[10:20:38 PM] [FLM] [🟢 ]  NPU Locked!

[10:20:38 PM] [FLM] [info]  Length of audio: 5.184000 seconds

[10:20:38 PM] [FLM] [FLM]  Transforming audio to text...

[10:20:42 PM] [FLM] Audio content:  Es que bad, mucho es el mensaje que...

[10:20:42 PM] [FLM] [🔵 ]  NPU Lock Released!

[10:20:42 PM] [FLM] ================================================

[10:20:42 PM] [FLM] [🔒 ]  TCP connection closed - Remote: 127.0.0.1:54469

[10:20:45 PM] [FLM] [🔗 ]  TCP connection established - Remote: 127.0.0.1:54471

[10:20:45 PM] [FLM] [TCP]  Read 172619 bytes from socket

[10:20:45 PM] [FLM] ================================================

[10:20:45 PM] [FLM] [⬇️ ]  Incoming Request: POST

[10:20:45 PM] [FLM] [LOG]  Time stamp: 22:20:45 09:02:2026

[10:20:45 PM] [FLM] [LOG]  Target: /v1/audio/transcriptions

[10:20:45 PM] [FLM] [LOG]  Version: 11

[10:20:45 PM] [FLM] [LOG]  Keep-Alive: 1

[10:20:45 PM] [FLM] [🟢 ]  NPU Locked!

[10:20:45 PM] [FLM] [info]  Length of audio: 5.376000 seconds

[10:20:45 PM] [FLM] [FLM]  Transforming audio to text...

[10:20:51 PM] [FLM] Audio content:  जैसे मैंने मेकनिकल एंजिनेरिंग को बिट्रे करती है

[10:20:51 PM] [FLM] [🔵 ]  NPU Lock Released!

[10:20:51 PM] [FLM] ================================================

[10:20:51 PM] [FLM] [🔒 ]  TCP connection closed - Remote: 127.0.0.1:54471

[10:20:54 PM] [FLM] [🔗 ]  TCP connection established - Remote: 127.0.0.1:54492

[10:20:54 PM] [FLM] [TCP]  Read 301643 bytes from socket

[10:20:54 PM] [FLM] ================================================

[10:20:54 PM] [FLM] [⬇️ ]  Incoming Request: POST

[10:20:54 PM] [FLM] [LOG]  Time stamp: 22:20:54 09:02:2026

[10:20:54 PM] [FLM] [LOG]  Target: /v1/audio/transcriptions

[10:20:54 PM] [FLM] [LOG]  Version: 11

[10:20:54 PM] [FLM] [LOG]  Keep-Alive: 1

[10:20:54 PM] [FLM] [🟢 ]  NPU Locked!

[10:20:54 PM] [FLM] [info]  Length of audio: 9.408000 seconds

[10:20:54 PM] [FLM] [FLM]  Transforming audio to text...

[10:21:01 PM] [FLM] Audio content:  आइटी में बहुत रिटेंटेंट हो रह था कुछ भी एकड़म पी नहीं हो रही थी

[10:21:01 PM] [FLM] [🔵 ]  NPU Lock Released!

[10:21:01 PM] [FLM] ================================================

[10:21:02 PM] [FLM] [🔒 ]  TCP connection closed - Remote: 127.0.0.1:54492

[10:21:04 PM] [FLM] [🔗 ]  TCP connection established - Remote: 127.0.0.1:54494

[10:21:04 PM] [FLM] [TCP]  Read 110155 bytes from socket

[10:21:04 PM] [FLM] ================================================

[10:21:04 PM] [FLM] [⬇️ ]  Incoming Request: POST

[10:21:04 PM] [FLM] [LOG]  Time stamp: 22:21:04 09:02:2026

[10:21:04 PM] [FLM] [LOG]  Target: /v1/audio/transcriptions

[10:21:04 PM] [FLM] [LOG]  Version: 11

[10:21:04 PM] [FLM] [LOG]  Keep-Alive: 1

[10:21:04 PM] [FLM] [🟢 ]  NPU Locked!

[10:21:04 PM] [FLM] [info]  Length of audio: 3.424000 seconds

[10:21:04 PM] [FLM] [FLM]  Transforming audio to text...

[10:21:08 PM] [FLM] Audio content:  Уж не айдея зная рэд.

[10:21:08 PM] [FLM] [🔵 ]  NPU Lock Released!

[10:21:08 PM] [FLM] ================================================

[10:21:08 PM] [FLM] [🔒 ]  TCP connection closed - Remote: 127.0.0.1:54494

[10:21:11 PM] [FLM] [🔗 ]  TCP connection established - Remote: 127.0.0.1:54496

[10:21:11 PM] [FLM] [TCP]  Read 292427 bytes from socket

[10:21:11 PM] [FLM] ================================================

[10:21:11 PM] [FLM] [⬇️ ]  Incoming Request: POST

[10:21:11 PM] [FLM] [LOG]  Time stamp: 22:21:11 09:02:2026

[10:21:11 PM] [FLM] [LOG]  Target: /v1/audio/transcriptions

[10:21:11 PM] [FLM] [LOG]  Version: 11

[10:21:11 PM] [FLM] [LOG]  Keep-Alive: 1

[10:21:11 PM] [FLM] [🟢 ]  NPU Locked!

[10:21:11 PM] [FLM] [info]  Length of audio: 9.120000 seconds

[10:21:11 PM] [FLM] [FLM]  Transforming audio to text...

[10:21:15 PM] [FLM] Audio content:  और सिर्फ मानी कमा

[10:21:15 PM] [FLM] [🔵 ]  NPU Lock Released!

[10:21:15 PM] [FLM] ================================================

[10:21:15 PM] [FLM] [🔒 ]  TCP connection closed - Remote: 127.0.0.1:54496

[10:21:18 PM] [FLM] [🔗 ]  TCP connection established - Remote: 127.0.0.1:54512

[10:21:18 PM] [FLM] [TCP]  Read 223819 bytes from socket

[10:21:18 PM] [FLM] ================================================

[10:21:18 PM] [FLM] [⬇️ ]  Incoming Request: POST

[10:21:18 PM] [FLM] [LOG]  Time stamp: 22:21:18 09:02:2026

[10:21:18 PM] [FLM] [LOG]  Target: /v1/audio/transcriptions

[10:21:18 PM] [FLM] [LOG]  Version: 11

[10:21:18 PM] [FLM] [LOG]  Keep-Alive: 1

[10:21:18 PM] [FLM] [🟢 ]  NPU Locked!

[10:21:18 PM] [FLM] [info]  Length of audio: 6.976000 seconds

[10:21:18 PM] [FLM] [FLM]  Transforming audio to text...

[10:21:22 PM] [FLM] Audio content:  Then I start that I will give a great exam.

[10:21:22 PM] [FLM] [🔵 ]  NPU Lock Released!

[10:21:22 PM] [FLM] ================================================

[10:21:22 PM] [FLM] [🔒 ]  TCP connection closed - Remote: 127.0.0.1:54512

[10:21:25 PM] [FLM] [🔗 ]  TCP connection established - Remote: 127.0.0.1:56472

[10:21:25 PM] [FLM] [TCP]  Read 223819 bytes from socket

[10:21:25 PM] [FLM] ================================================

[10:21:25 PM] [FLM] [⬇️ ]  Incoming Request: POST

[10:21:25 PM] [FLM] [LOG]  Time stamp: 22:21:25 09:02:2026

[10:21:25 PM] [FLM] [LOG]  Target: /v1/audio/transcriptions

[10:21:25 PM] [FLM] [LOG]  Version: 11

[10:21:25 PM] [FLM] [LOG]  Keep-Alive: 1

[10:21:25 PM] [FLM] [🟢 ]  NPU Locked!

[10:21:25 PM] [FLM] [info]  Length of audio: 6.976000 seconds

[10:21:25 PM] [FLM] [FLM]  Transforming audio to text...

[10:21:29 PM] [FLM] Audio content:  पिर मैंने गेड एक

[10:21:29 PM] [FLM] [🔵 ]  NPU Lock Released!

[10:21:29 PM] [FLM] ================================================

[10:21:29 PM] [FLM] [🔒 ]  TCP connection closed - Remote: 127.0.0.1:56472

[10:21:32 PM] [FLM] [🔗 ]  TCP connection established - Remote: 127.0.0.1:56474

[10:21:32 PM] [FLM] [TCP]  Read 296523 bytes from socket

[10:21:32 PM] [FLM] ================================================

[10:21:32 PM] [FLM] [⬇️ ]  Incoming Request: POST

[10:21:32 PM] [FLM] [LOG]  Time stamp: 22:21:32 09:02:2026

[10:21:32 PM] [FLM] [LOG]  Target: /v1/audio/transcriptions

[10:21:32 PM] [FLM] [LOG]  Version: 11

[10:21:32 PM] [FLM] [LOG]  Keep-Alive: 1

[10:21:32 PM] [FLM] [🟢 ]  NPU Locked!

[10:21:32 PM] [FLM] [info]  Length of audio: 9.248000 seconds

[10:21:32 PM] [FLM] [FLM]  Transforming audio to text...

[10:21:40 PM] [FLM] Audio content:  उस दोरान मैंने एक छोड़ा सा स्टार भी करने की कोशिश क अधिए डिजिटल मार्केटिंग कंपन

[10:21:40 PM] [FLM] [🔵 ]  NPU Lock Released!

[10:21:40 PM] [FLM] ================================================

[10:21:40 PM] [FLM] [🔒 ]  TCP connection closed - Remote: 127.0.0.1:56474

[10:21:43 PM] [FLM] [🔗 ]  TCP connection established - Remote: 127.0.0.1:56476

[10:21:43 PM] [FLM] [TCP]  Read 237131 bytes from socket

[10:21:43 PM] [FLM] ================================================

[10:21:43 PM] [FLM] [⬇️ ]  Incoming Request: POST

[10:21:43 PM] [FLM] [LOG]  Time stamp: 22:21:43 09:02:2026

[10:21:43 PM] [FLM] [LOG]  Target: /v1/audio/transcriptions

[10:21:43 PM] [FLM] [LOG]  Version: 11

[10:21:43 PM] [FLM] [LOG]  Keep-Alive: 1

[10:21:43 PM] [FLM] [🟢 ]  NPU Locked!

[10:21:43 PM] [FLM] [info]  Length of audio: 7.392000 seconds

[10:21:43 PM] [FLM] [FLM]  Transforming audio to text...

[10:21:47 PM] [FLM] Audio content:  where the special thing about that was

[10:21:47 PM] [FLM] [🔵 ]  NPU Lock Released!

[10:21:47 PM] [FLM] ================================================

[10:21:47 PM] [FLM] [🔒 ]  TCP connection closed - Remote: 127.0.0.1:56476

[10:21:49 PM] [FLM] [🔗 ]  TCP connection established - Remote: 127.0.0.1:56478

[10:21:49 PM] [FLM] [TCP]  Read 91722 bytes from socket

[10:21:49 PM] [FLM] ================================================

[10:21:49 PM] [FLM] [⬇️ ]  Incoming Request: POST

[10:21:49 PM] [FLM] [LOG]  Time stamp: 22:21:49 09:02:2026

[10:21:49 PM] [FLM] [LOG]  Target: /v1/audio/transcriptions

[10:21:49 PM] [FLM] [LOG]  Version: 11

[10:21:49 PM] [FLM] [LOG]  Keep-Alive: 1

[10:21:49 PM] [FLM] [🟢 ]  NPU Locked!

[10:21:49 PM] [FLM] [info]  Length of audio: 2.848000 seconds

[10:21:49 PM] [FLM] [FLM]  Transforming audio to text...

[10:21:53 PM] [FLM] Audio content:  Marketable.

[10:21:53 PM] [FLM] [🔵 ]  NPU Lock Released!

[10:21:53 PM] [FLM] ================================================

[10:21:53 PM] [FLM] [🔒 ]  TCP connection closed - Remote: 127.0.0.1:56478

[10:21:56 PM] [FLM] [🔗 ]  TCP connection established - Remote: 127.0.0.1:56480

[10:21:56 PM] [FLM] [TCP]  Read 209483 bytes from socket

[10:21:56 PM] [FLM] ================================================

[10:21:56 PM] [FLM] [⬇️ ]  Incoming Request: POST

[10:21:56 PM] [FLM] [LOG]  Time stamp: 22:21:56 09:02:2026

[10:21:56 PM] [FLM] [LOG]  Target: /v1/audio/transcriptions

[10:21:56 PM] [FLM] [LOG]  Version: 11

[10:21:56 PM] [FLM] [LOG]  Keep-Alive: 1

[10:21:56 PM] [FLM] [🟢 ]  NPU Locked!

[10:21:56 PM] [FLM] [info]  Length of audio: 6.528000 seconds

[10:21:56 PM] [FLM] [FLM]  Transforming audio to text...

[10:22:00 PM] [FLM] Audio content:  uh other countries the first world countries

[10:22:00 PM] [FLM] [🔵 ]  NPU Lock Released!

[10:22:00 PM] [FLM] ================================================

[10:22:00 PM] [FLM] [🔒 ]  TCP connection closed - Remote: 127.0.0.1:56480

[10:22:02 PM] [FLM] [🔗 ]  TCP connection established - Remote: 127.0.0.1:56490

[10:22:02 PM] [FLM] [TCP]  Read 215627 bytes from socket

[10:22:02 PM] [FLM] ================================================

[10:22:02 PM] [FLM] [⬇️ ]  Incoming Request: POST

[10:22:02 PM] [FLM] [LOG]  Time stamp: 22:22:02 09:02:2026

[10:22:02 PM] [FLM] [LOG]  Target: /v1/audio/transcriptions

[10:22:02 PM] [FLM] [LOG]  Version: 11

[10:22:02 PM] [FLM] [LOG]  Keep-Alive: 1

[10:22:02 PM] [FLM] [🟢 ]  NPU Locked!

[10:22:02 PM] [FLM] [info]  Length of audio: 6.720000 seconds

[10:22:02 PM] [FLM] [FLM]  Transforming audio to text...

[10:22:07 PM] [FLM] Audio content:  So many bus clients I took, New Zealand say or...

[10:22:07 PM] [FLM] [🔵 ]  NPU Lock Released!

[10:22:07 PM] [FLM] ================================================

[10:22:07 PM] [FLM] [🔒 ]  TCP connection closed - Remote: 127.0.0.1:56490

[10:22:09 PM] [FLM] [🔗 ]  TCP connection established - Remote: 127.0.0.1:56492

[10:22:09 PM] [FLM] [TCP]  Read 76362 bytes from socket

[10:22:09 PM] [FLM] ================================================

[10:22:09 PM] [FLM] [⬇️ ]  Incoming Request: POST

[10:22:09 PM] [FLM] [LOG]  Time stamp: 22:22:09 09:02:2026

[10:22:09 PM] [FLM] [LOG]  Target: /v1/audio/transcriptions

[10:22:09 PM] [FLM] [LOG]  Version: 11

[10:22:09 PM] [FLM] [LOG]  Keep-Alive: 1

[10:22:09 PM] [FLM] [🟢 ]  NPU Locked!

[10:22:09 PM] [FLM] [info]  Length of audio: 2.368000 seconds

[10:22:09 PM] [FLM] [FLM]  Transforming audio to text...

[10:22:13 PM] [FLM] Audio content:  Arlenze.

[10:22:13 PM] [FLM] [🔵 ]  NPU Lock Released!

[10:22:13 PM] [FLM] ================================================

[10:22:13 PM] [FLM] [🔒 ]  TCP connection closed - Remote: 127.0.0.1:56492

[10:22:16 PM] [FLM] [🔗 ]  TCP connection established - Remote: 127.0.0.1:56517

[10:22:16 PM] [FLM] [TCP]  Read 286283 bytes from socket

[10:22:16 PM] [FLM] ================================================

[10:22:16 PM] [FLM] [⬇️ ]  Incoming Request: POST

[10:22:16 PM] [FLM] [LOG]  Time stamp: 22:22:16 09:02:2026

[10:22:16 PM] [FLM] [LOG]  Target: /v1/audio/transcriptions

[10:22:16 PM] [FLM] [LOG]  Version: 11

[10:22:16 PM] [FLM] [LOG]  Keep-Alive: 1

[10:22:16 PM] [FLM] [🟢 ]  NPU Locked!

[10:22:16 PM] [FLM] [info]  Length of audio: 8.928000 seconds

[10:22:16 PM] [FLM] [FLM]  Transforming audio to text...

[10:22:21 PM] [FLM] Audio content:  और हमने उनको बेल कि थी simply Google Ads Manager.

[10:22:21 PM] [FLM] [🔵 ]  NPU Lock Released!

[10:22:21 PM] [FLM] ================================================

[10:22:21 PM] [FLM] [🔒 ]  TCP connection closed - Remote: 127.0.0.1:56517

[10:22:24 PM] [FLM] [🔗 ]  TCP connection established - Remote: 127.0.0.1:52915

[10:22:24 PM] [FLM] [TCP]  Read 291403 bytes from socket

[10:22:24 PM] [FLM] ================================================

[10:22:24 PM] [FLM] [⬇️ ]  Incoming Request: POST

[10:22:24 PM] [FLM] [LOG]  Time stamp: 22:22:24 09:02:2026

[10:22:24 PM] [FLM] [LOG]  Target: /v1/audio/transcriptions

[10:22:24 PM] [FLM] [LOG]  Version: 11

[10:22:24 PM] [FLM] [LOG]  Keep-Alive: 1

[10:22:24 PM] [FLM] [🟢 ]  NPU Locked!

[10:22:24 PM] [FLM] [info]  Length of audio: 9.088000 seconds

[10:22:24 PM] [FLM] [FLM]  Transforming audio to text...

[10:22:34 PM] [FLM] Audio content:  और दो साल गेट के त्यारी करने के बा अपना आई टी मदर में एमेस अच्ट क अच्ट के अच्ट क अच्ट के अ[🔴 ]  Client disconnected; cancelling active request

[10:22:36 PM] [ERROR] invalid utf-8 sequence of 2 bytes from index 80
[10:22:36 PM] [FLM] [TCP]  Read 176715 bytes from socket

[10:22:36 PM] [FLM] ================================================

[10:22:36 PM] [FLM] [⬇️ ]  Incoming Request: POST

[10:22:36 PM] [FLM] [LOG]  Time stamp: 22:22:36 09:02:2026

[10:22:36 PM] [FLM] [LOG]  Target: /v1/audio/transcriptions

[10:22:36 PM] [FLM] [LOG]  Version: 11

[10:22:36 PM] [FLM] [LOG]  Keep-Alive: 1

[10:22:36 PM] [FLM] [🕒 ]  NPU busy, request queued (1/10): POST /v1/audio/transcriptions

[10:22:49 PM] [ERROR] invalid utf-8 sequence of 1 bytes from index 0
[10:22:49 PM] [FLM] [TCP]  Read 294475 bytes from socket

[10:22:49 PM] [FLM] ================================================

[10:22:49 PM] [FLM] [⬇️ ]  Incoming Request: POST

[10:22:49 PM] [FLM] [LOG]  Time stamp: 22:22:49 09:02:2026

[10:22:49 PM] [FLM] [LOG]  Target: /v1/audio/transcriptions

[10:22:49 PM] [FLM] [LOG]  Version: 11

[10:22:49 PM] [FLM] [LOG]  Keep-Alive: 1

[10:22:49 PM] [FLM] [🕒 ]  NPU busy, request queued (2/10): POST /v1/audio/transcriptions

[10:22:53 PM] [FLM] च्ट क अच्ट के अच्ट क अच्ट के अच्ट क अच्ट के अच्ट क

[10:22:54 PM] [FLM] [🟡 ]  Dequeuing NPU request (1 remaining)...

[10:22:54 PM] [FLM] ================================================

[10:22:54 PM] [FLM] [🔴 ]  Client disconnected; cancelling active request

[10:22:54 PM] [FLM] [🔒 ]  TCP connection closed - Remote: 127.0.0.1:52915

[10:22:54 PM] [FLM] [info]  Length of audio: 5.504000 seconds

[10:22:54 PM] [FLM] [FLM]  Transforming audio to text...

[10:22:58 PM] [FLM] Audio content:  in mechanical engineering benefits here.

[10:22:59 PM] [FLM] [🟡 ]  Dequeuing NPU request (0 remaining)...

[10:22:59 PM] [FLM] ================================================

[10:22:59 PM] [FLM] [🔒 ]  TCP connection closed - Remote: 127.0.0.1:52917

[10:22:59 PM] [FLM] [info]  Length of audio: 9.184000 seconds

[10:22:59 PM] [FLM] [FLM]  Transforming audio to text...

[10:22:59 PM] [FLM] Audio content: [🔴 ]  Client disconnected; cancelling active request

[10:23:02 PM] [FLM] [🔗 ]  TCP connection established - Remote: 127.0.0.1:52942

[10:23:02 PM] [FLM] [TCP]  Read 215627 bytes from socket

[10:23:02 PM] [FLM] ================================================

[10:23:02 PM] [FLM] [⬇️ ]  Incoming Request: POST

[10:23:02 PM] [FLM] [LOG]  Time stamp: 22:23:02 09:02:2026

[10:23:02 PM] [FLM] [LOG]  Target: /v1/audio/transcriptions

[10:23:02 PM] [FLM] [LOG]  Version: 11

[10:23:02 PM] [FLM] [LOG]  Keep-Alive: 1

[10:23:02 PM] [FLM] [🕒 ]  NPU busy, request queued (1/10): POST /v1/audio/transcriptions

[10:23:04 PM] [FLM]  और 2024 में मैं IIT मदर

[10:23:04 PM] [FLM] [🟡 ]  Dequeuing NPU request (0 remaining)...

[10:23:04 PM] [FLM] ================================================

[10:23:04 PM] [FLM] [🔒 ]  TCP connection closed - Remote: 127.0.0.1:52919

[10:23:04 PM] [FLM] [info]  Length of audio: 6.720000 seconds

[10:23:04 PM] [FLM] [FLM]  Transforming audio to text...

[10:23:09 PM] [FLM] Audio content:  सर के अंडर रोबो

[10:23:09 PM] [FLM] [🔵 ]  NPU Lock Released!

[10:23:09 PM] [FLM] ================================================

[10:23:09 PM] [FLM] [🔒 ]  TCP connection closed - Remote: 127.0.0.1:52942

[10:23:11 PM] [FLM] [🔗 ]  TCP connection established - Remote: 127.0.0.1:52944

[10:23:11 PM] [FLM] [TCP]  Read 182859 bytes from socket

[10:23:11 PM] [FLM] ================================================

[10:23:11 PM] [FLM] [⬇️ ]  Incoming Request: POST

[10:23:11 PM] [FLM] [LOG]  Time stamp: 22:23:11 09:02:2026

[10:23:11 PM] [FLM] [LOG]  Target: /v1/audio/transcriptions

[10:23:11 PM] [FLM] [LOG]  Version: 11

[10:23:11 PM] [FLM] [LOG]  Keep-Alive: 1

[10:23:11 PM] [FLM] [🟢 ]  NPU Locked!

[10:23:11 PM] [FLM] [info]  Length of audio: 5.696000 seconds

[10:23:11 PM] [FLM] [FLM]  Transforming audio to text...

[10:23:15 PM] [FLM] Audio content:  and my research is basically

[10:23:15 PM] [FLM] [🔵 ]  NPU Lock Released!

[10:23:15 PM] [FLM] ================================================

[10:23:15 PM] [FLM] [🔒 ]  TCP connection closed - Remote: 127.0.0.1:52944

[10:23:18 PM] [FLM] [🔗 ]  TCP connection established - Remote: 127.0.0.1:59135

[10:23:18 PM] [FLM] [TCP]  Read 195147 bytes from socket

[10:23:18 PM] [FLM] ================================================

[10:23:18 PM] [FLM] [⬇️ ]  Incoming Request: POST

[10:23:18 PM] [FLM] [LOG]  Time stamp: 22:23:18 09:02:2026

[10:23:18 PM] [FLM] [LOG]  Target: /v1/audio/transcriptions

[10:23:18 PM] [FLM] [LOG]  Version: 11

[10:23:18 PM] [FLM] [LOG]  Keep-Alive: 1

[10:23:18 PM] [FLM] [🟢 ]  NPU Locked!

[10:23:18 PM] [FLM] [info]  Length of audio: 6.080000 seconds

[10:23:18 PM] [FLM] [FLM]  Transforming audio to text...

[10:23:22 PM] [FLM] Audio content:  Control systems for small drones.

[10:23:22 PM] [FLM] [🔵 ]  NPU Lock Released!

[10:23:22 PM] [FLM] ================================================

[10:23:22 PM] [FLM] [🔒 ]  TCP connection closed - Remote: 127.0.0.1:59135

[10:23:25 PM] [FLM] [🔗 ]  TCP connection established - Remote: 127.0.0.1:50249

[10:23:25 PM] [FLM] [TCP]  Read 84554 bytes from socket

[10:23:25 PM] [FLM] ================================================

[10:23:25 PM] [FLM] [⬇️ ]  Incoming Request: POST

[10:23:25 PM] [FLM] [LOG]  Time stamp: 22:23:25 09:02:2026

[10:23:25 PM] [FLM] [LOG]  Target: /v1/audio/transcriptions

[10:23:25 PM] [FLM] [LOG]  Version: 11

[10:23:25 PM] [FLM] [LOG]  Keep-Alive: 1

[10:23:25 PM] [FLM] [🟢 ]  NPU Locked!

[10:23:25 PM] [FLM] [info]  Length of audio: 2.624000 seconds

[10:23:25 PM] [FLM] [FLM]  Transforming audio to text...

[10:23:29 PM] [FLM] Audio content:  heavy guarantee.

[10:23:29 PM] [FLM] [🔵 ]  NPU Lock Released!

[10:23:29 PM] [FLM] ================================================

[10:23:29 PM] [FLM] [🔒 ]  TCP connection closed - Remote: 127.0.0.1:50249

[10:23:31 PM] [FLM] [🔗 ]  TCP connection established - Remote: 127.0.0.1:50251

[10:23:31 PM] [FLM] [TCP]  Read 140875 bytes from socket

[10:23:31 PM] [FLM] ================================================

[10:23:31 PM] [FLM] [⬇️ ]  Incoming Request: POST

[10:23:31 PM] [FLM] [LOG]  Time stamp: 22:23:31 09:02:2026

[10:23:31 PM] [FLM] [LOG]  Target: /v1/audio/transcriptions

[10:23:31 PM] [FLM] [LOG]  Version: 11

[10:23:31 PM] [FLM] [LOG]  Keep-Alive: 1

[10:23:31 PM] [FLM] [🟢 ]  NPU Locked!

[10:23:31 PM] [FLM] [info]  Length of audio: 4.384000 seconds

[10:23:31 PM] [FLM] [FLM]  Transforming audio to text...

[10:23:35 PM] [FLM] Audio content:  Is the run should be not many.

[10:23:35 PM] [FLM] [🔵 ]  NPU Lock Released!

[10:23:35 PM] [FLM] ================================================

[10:23:35 PM] [FLM] [🔒 ]  TCP connection closed - Remote: 127.0.0.1:50251

[10:23:38 PM] [FLM] [🔗 ]  TCP connection established - Remote: 127.0.0.1:54921

[10:23:38 PM] [FLM] [TCP]  Read 277067 bytes from socket

[10:23:38 PM] [FLM] ================================================

[10:23:38 PM] [FLM] [⬇️ ]  Incoming Request: POST

[10:23:38 PM] [FLM] [LOG]  Time stamp: 22:23:38 09:02:2026

[10:23:38 PM] [FLM] [LOG]  Target: /v1/audio/transcriptions

[10:23:38 PM] [FLM] [LOG]  Version: 11

[10:23:38 PM] [FLM] [LOG]  Keep-Alive: 1

[10:23:38 PM] [FLM] [🟢 ]  NPU Locked!

[10:23:38 PM] [FLM] [info]  Length of audio: 8.640000 seconds

[10:23:38 PM] [FLM] [FLM]  Transforming audio to text...

[10:23:42 PM] [FLM] Audio content:  a k e jau vejene s ke s ke var menjana

[10:23:42 PM] [FLM] [🔵 ]  NPU Lock Released!

[10:23:42 PM] [FLM] ================================================

[10:23:42 PM] [FLM] [🔒 ]  TCP connection closed - Remote: 127.0.0.1:54921

[10:23:45 PM] [FLM] [🔗 ]  TCP connection established - Remote: 127.0.0.1:54924

[10:23:45 PM] [FLM] [TCP]  Read 160331 bytes from socket

[10:23:45 PM] [FLM] ================================================

[10:23:45 PM] [FLM] [⬇️ ]  Incoming Request: POST

[10:23:45 PM] [FLM] [LOG]  Time stamp: 22:23:45 09:02:2026

[10:23:45 PM] [FLM] [LOG]  Target: /v1/audio/transcriptions

[10:23:45 PM] [FLM] [LOG]  Version: 11

[10:23:45 PM] [FLM] [LOG]  Keep-Alive: 1

[10:23:45 PM] [FLM] [🟢 ]  NPU Locked!

[10:23:45 PM] [FLM] [info]  Length of audio: 4.992000 seconds

[10:23:45 PM] [FLM] [FLM]  Transforming audio to text...

[10:23:50 PM] [FLM] Audio content:  yibijana ki jyotish and...

[10:23:50 PM] [FLM] [🔵 ]  NPU Lock Released!

[10:23:50 PM] [FLM] ================================================

[10:23:50 PM] [FLM] [🔒 ]  TCP connection closed - Remote: 127.0.0.1:54924

[10:23:52 PM] [FLM] [🔗 ]  TCP connection established - Remote: 127.0.0.1:54926

[10:23:52 PM] [FLM] [TCP]  Read 78410 bytes from socket

[10:23:52 PM] [FLM] ================================================

[10:23:52 PM] [FLM] [⬇️ ]  Incoming Request: POST

[10:23:52 PM] [FLM] [LOG]  Time stamp: 22:23:52 09:02:2026

[10:23:52 PM] [FLM] [LOG]  Target: /v1/audio/transcriptions

[10:23:52 PM] [FLM] [LOG]  Version: 11

[10:23:52 PM] [FLM] [LOG]  Keep-Alive: 1

[10:23:52 PM] [FLM] [🟢 ]  NPU Locked!

[10:23:52 PM] [FLM] [info]  Length of audio: 2.432000 seconds

[10:23:52 PM] [FLM] [FLM]  Transforming audio to text...

[10:23:57 PM] [FLM] Audio content:  set in.

[10:23:57 PM] [FLM] [🔵 ]  NPU Lock Released!

[10:23:57 PM] [FLM] ================================================

[10:23:57 PM] [FLM] [🔒 ]  TCP connection closed - Remote: 127.0.0.1:54926

[10:30:24 PM] [FLM] [🔗 ]  TCP connection established - Remote: 127.0.0.1:51004

[10:30:24 PM] [FLM] [TCP]  Read 1310463 bytes from socket

[10:30:24 PM] [FLM] ================================================

[10:30:24 PM] [FLM] [⬇️ ]  Incoming Request: POST

[10:30:24 PM] [FLM] [LOG]  Time stamp: 22:30:24 09:02:2026

[10:30:24 PM] [FLM] [LOG]  Target: /v1/audio/transcriptions

[10:30:24 PM] [FLM] [LOG]  Version: 11

[10:30:24 PM] [FLM] [LOG]  Keep-Alive: 1

[10:30:24 PM] [FLM] [🟢 ]  NPU Locked!

[10:30:24 PM] [FLM] [info]  Length of audio: 40.928001 seconds

[10:30:24 PM] [FLM] [FLM]  Transforming audio to text...

[10:30:33 PM] [FLM] Audio content:  जो जो जो जो जो जो foreign

[10:30:33 PM] [FLM] [🔵 ]  NPU Lock Released!

[10:30:33 PM] [FLM] ================================================

[10:30:33 PM] [FLM] [🔒 ]  TCP connection closed - Remote: 127.0.0.1:51004

[10:30:35 PM] [FLM] [🔗 ]  TCP connection established - Remote: 127.0.0.1:51006

[10:30:35 PM] [FLM] [TCP]  Read 250622 bytes from socket

[10:30:35 PM] [FLM] ================================================

[10:30:35 PM] [FLM] [⬇️ ]  Incoming Request: POST

[10:30:35 PM] [FLM] [LOG]  Time stamp: 22:30:35 09:02:2026

[10:30:35 PM] [FLM] [LOG]  Target: /v1/audio/transcriptions

[10:30:35 PM] [FLM] [LOG]  Version: 11

[10:30:35 PM] [FLM] [LOG]  Keep-Alive: 1

[10:30:35 PM] [FLM] [🟢 ]  NPU Locked!

[10:30:35 PM] [FLM] [info]  Length of audio: 7.808000 seconds

[10:30:35 PM] [FLM] [FLM]  Transforming audio to text...

[10:30:45 PM] [FLM] Audio content:  जो तेस महाँ पास में आए प्रॉपर तर ले कुर्था थे ले कुर्था थेंक कराम से भूँए रह था आए हेलो आए इक दम जीरो टेंशन

[10:30:45 PM] [FLM] [🔵 ]  NPU Lock Released!

[10:30:45 PM] [FLM] ================================================

[10:30:45 PM] [FLM] [🔒 ]  TCP connection closed - Remote: 127.0.0.1:51006

[10:30:47 PM] [FLM] [🔗 ]  TCP connection established - Remote: 127.0.0.1:51008

[10:30:47 PM] [FLM] [TCP]  Read 111358 bytes from socket

[10:30:47 PM] [FLM] ================================================

[10:30:47 PM] [FLM] [⬇️ ]  Incoming Request: POST

[10:30:47 PM] [FLM] [LOG]  Time stamp: 22:30:47 09:02:2026

[10:30:47 PM] [FLM] [LOG]  Target: /v1/audio/transcriptions

[10:30:47 PM] [FLM] [LOG]  Version: 11

[10:30:47 PM] [FLM] [LOG]  Keep-Alive: 1

[10:30:47 PM] [FLM] [🟢 ]  NPU Locked!

[10:30:47 PM] [FLM] [info]  Length of audio: 3.456000 seconds

[10:30:47 PM] [FLM] [FLM]  Transforming audio to text...

[10:30:52 PM] [FLM] Audio content:  अमा, लोगो साग घूम

[10:30:52 PM] [FLM] [🔵 ]  NPU Lock Released!

[10:30:52 PM] [FLM] ================================================

[10:30:52 PM] [FLM] [🔒 ]  TCP connection closed - Remote: 127.0.0.1:51008

[10:30:55 PM] [FLM] [🔗 ]  TCP connection established - Remote: 127.0.0.1:51022

[10:30:55 PM] [FLM] [TCP]  Read 607998 bytes from socket

[10:30:55 PM] [FLM] ================================================

[10:30:55 PM] [FLM] [⬇️ ]  Incoming Request: POST

[10:30:55 PM] [FLM] [LOG]  Time stamp: 22:30:55 09:02:2026

[10:30:55 PM] [FLM] [LOG]  Target: /v1/audio/transcriptions

[10:30:55 PM] [FLM] [LOG]  Version: 11

[10:30:55 PM] [FLM] [LOG]  Keep-Alive: 1

[10:30:55 PM] [FLM] [🟢 ]  NPU Locked!

[10:30:55 PM] [FLM] [info]  Length of audio: 18.976000 seconds

[10:30:55 PM] [FLM] [FLM]  Transforming audio to text...

[10:31:00 PM] [FLM] Audio content:  और अपर दिखा यह

[10:31:00 PM] [FLM] [🔵 ]  NPU Lock Released!

[10:31:00 PM] [FLM] ================================================

[10:31:00 PM] [FLM] [🔒 ]  TCP connection closed - Remote: 127.0.0.1:51022

[10:31:02 PM] [FLM] [🔗 ]  TCP connection established - Remote: 127.0.0.1:51024

[10:31:02 PM] [FLM] [TCP]  Read 71421 bytes from socket

[10:31:02 PM] [FLM] ================================================

[10:31:02 PM] [FLM] [⬇️ ]  Incoming Request: POST

[10:31:02 PM] [FLM] [LOG]  Time stamp: 22:31:02 09:02:2026

[10:31:02 PM] [FLM] [LOG]  Target: /v1/audio/transcriptions

[10:31:02 PM] [FLM] [LOG]  Version: 11

[10:31:02 PM] [FLM] [LOG]  Keep-Alive: 1

[10:31:02 PM] [FLM] [🟢 ]  NPU Locked!

[10:31:02 PM] [FLM] [info]  Length of audio: 2.208000 seconds

[10:31:02 PM] [FLM] [FLM]  Transforming audio to text...

[10:31:06 PM] [FLM] Audio content:  Or is it done such a way?

[10:31:06 PM] [FLM] [🔵 ]  NPU Lock Released!

[10:31:06 PM] [FLM] ================================================

[10:31:06 PM] [FLM] [🔒 ]  TCP connection closed - Remote: 127.0.0.1:51024

[10:31:08 PM] [FLM] [🔗 ]  TCP connection established - Remote: 127.0.0.1:51026

[10:31:08 PM] [FLM] [TCP]  Read 126718 bytes from socket

[10:31:08 PM] [FLM] ================================================

[10:31:08 PM] [FLM] [⬇️ ]  Incoming Request: POST

[10:31:08 PM] [FLM] [LOG]  Time stamp: 22:31:08 09:02:2026

[10:31:08 PM] [FLM] [LOG]  Target: /v1/audio/transcriptions

[10:31:08 PM] [FLM] [LOG]  Version: 11

[10:31:08 PM] [FLM] [LOG]  Keep-Alive: 1

[10:31:08 PM] [FLM] [🟢 ]  NPU Locked!

[10:31:08 PM] [FLM] [info]  Length of audio: 3.936000 seconds

[10:31:08 PM] [FLM] [FLM]  Transforming audio to text...

[10:31:12 PM] [FLM] Audio content:  I ate it and I bought my phone.

[10:31:12 PM] [FLM] [🔵 ]  NPU Lock Released!

[10:31:12 PM] [FLM] ================================================

[10:31:12 PM] [FLM] [🔒 ]  TCP connection closed - Remote: 127.0.0.1:51026

[10:31:15 PM] [FLM] [🔗 ]  TCP connection established - Remote: 127.0.0.1:51041

[10:31:15 PM] [FLM] [TCP]  Read 214782 bytes from socket

[10:31:15 PM] [FLM] ================================================

[10:31:15 PM] [FLM] [⬇️ ]  Incoming Request: POST

[10:31:15 PM] [FLM] [LOG]  Time stamp: 22:31:15 09:02:2026

[10:31:15 PM] [FLM] [LOG]  Target: /v1/audio/transcriptions

[10:31:15 PM] [FLM] [LOG]  Version: 11

[10:31:15 PM] [FLM] [LOG]  Keep-Alive: 1

[10:31:15 PM] [FLM] [🟢 ]  NPU Locked!

[10:31:15 PM] [FLM] [info]  Length of audio: 6.688000 seconds

[10:31:15 PM] [FLM] [FLM]  Transforming audio to text...

[10:31:20 PM] [FLM] Audio content:  Everything is like, how can it happen? And what kind of person is organized then how can it chill? How can it chill?

[10:31:20 PM] [FLM] [🔵 ]  NPU Lock Released!

[10:31:20 PM] [FLM] ================================================

[10:31:20 PM] [FLM] [🔒 ]  TCP connection closed - Remote: 127.0.0.1:51041

[10:31:23 PM] [FLM] [🔗 ]  TCP connection established - Remote: 127.0.0.1:51043

[10:31:23 PM] [FLM] [TCP]  Read 317182 bytes from socket

[10:31:23 PM] [FLM] ================================================

[10:31:23 PM] [FLM] [⬇️ ]  Incoming Request: POST

[10:31:23 PM] [FLM] [LOG]  Time stamp: 22:31:23 09:02:2026

[10:31:23 PM] [FLM] [LOG]  Target: /v1/audio/transcriptions

[10:31:23 PM] [FLM] [LOG]  Version: 11

[10:31:23 PM] [FLM] [LOG]  Keep-Alive: 1

[10:31:23 PM] [FLM] [🟢 ]  NPU Locked!

[10:31:23 PM] [FLM] [info]  Length of audio: 9.888000 seconds

[10:31:23 PM] [FLM] [FLM]  Transforming audio to text...

[10:31:30 PM] [FLM] Audio content:  तो मुझे मुझे अपक इंट्रेस्ट हुआ फूर अर्कनाइजेशन तो उस ताइम में लिए लि

[10:31:30 PM] [FLM] [🔵 ]  NPU Lock Released!

[10:31:30 PM] [FLM] ================================================

[10:31:30 PM] [FLM] [🔒 ]  TCP connection closed - Remote: 127.0.0.1:51043

[10:32:16 PM] [FLM] [🔗 ]  TCP connection established - Remote: 127.0.0.1:51068

[10:32:16 PM] [FLM] [TCP]  Read 1761023 bytes from socket

[10:32:16 PM] [FLM] ================================================

[10:32:16 PM] [FLM] [⬇️ ]  Incoming Request: POST

[10:32:16 PM] [FLM] [LOG]  Time stamp: 22:32:16 09:02:2026

[10:32:16 PM] [FLM] [LOG]  Target: /v1/audio/transcriptions

[10:32:16 PM] [FLM] [LOG]  Version: 11

[10:32:16 PM] [FLM] [LOG]  Keep-Alive: 1

[10:32:16 PM] [FLM] [🟢 ]  NPU Locked!

[10:32:16 PM] [FLM] [info]  Length of audio: 55.007999 seconds

[10:32:16 PM] [FLM] [FLM]  Transforming audio to text...

[10:32:44 PM] [FLM] Audio content:  तो यह तो वो मेरा तो दूसरा मेरा मो तो देगे कि कॉन भी प्रोटोकॉल बना देंगे लोगों को एक्सपीरियंस वह प्रोड को लिस्ट क पूरे नाइजर ने किसी भी लोगों को जरूरत है तो लेक लेकिन को लेख वा परसंड कि भाई मा लोग एक बाइलोजी वाला है जिसको कुछ आर्डिमोस आटो मेशन करने लोग आइड आर्टीशी के क्लम में जाए वेबसाइट में और देख आप आप आप आप आप आप आप आप आप आप आप आप आप

[10:32:44 PM] [FLM] [🔵 ]  NPU Lock Released!

[10:32:44 PM] [FLM] ================================================

[10:32:44 PM] [FLM] [🔒 ]  TCP connection closed - Remote: 127.0.0.1:51068

[10:32:46 PM] [FLM] [🔗 ]  TCP connection established - Remote: 127.0.0.1:55024

[10:32:46 PM] [FLM] [TCP]  Read 161534 bytes from socket

[10:32:46 PM] [FLM] ================================================

[10:32:46 PM] [FLM] [⬇️ ]  Incoming Request: POST

[10:32:46 PM] [FLM] [LOG]  Time stamp: 22:32:46 09:02:2026

[10:32:46 PM] [FLM] [LOG]  Target: /v1/audio/transcriptions

[10:32:46 PM] [FLM] [LOG]  Version: 11

[10:32:46 PM] [FLM] [LOG]  Keep-Alive: 1

[10:32:46 PM] [FLM] [🟢 ]  NPU Locked!

[10:32:46 PM] [FLM] [info]  Length of audio: 5.024000 seconds

[10:32:46 PM] [FLM] [FLM]  Transforming audio to text...

[10:32:52 PM] [FLM] Audio content:  लोग आ रहे हैं, sections wise classes लग रहे हैं.

[10:32:52 PM] [FLM] [🔵 ]  NPU Lock Released!

[10:32:52 PM] [FLM] ================================================

[10:32:52 PM] [FLM] [🔒 ]  TCP connection closed - Remote: 127.0.0.1:55024

[10:32:55 PM] [FLM] [🔗 ]  TCP connection established - Remote: 127.0.0.1:55027

[10:32:55 PM] [FLM] [TCP]  Read 505598 bytes from socket

[10:32:55 PM] [FLM] ================================================

[10:32:55 PM] [FLM] [⬇️ ]  Incoming Request: POST

[10:32:55 PM] [FLM] [LOG]  Time stamp: 22:32:55 09:02:2026

[10:32:55 PM] [FLM] [LOG]  Target: /v1/audio/transcriptions

[10:32:55 PM] [FLM] [LOG]  Version: 11

[10:32:55 PM] [FLM] [LOG]  Keep-Alive: 1

[10:32:55 PM] [FLM] [🟢 ]  NPU Locked!

[10:32:55 PM] [FLM] [info]  Length of audio: 15.776000 seconds

[10:32:55 PM] [FLM] [FLM]  Transforming audio to text...

[10:32:59 PM] [FLM] Audio content:  प्रवाइज प्रवा

[10:32:59 PM] [FLM] [🔵 ]  NPU Lock Released!

[10:32:59 PM] [FLM] ================================================

[10:32:59 PM] [FLM] [🔒 ]  TCP connection closed - Remote: 127.0.0.1:55027

[10:33:02 PM] [FLM] [🔗 ]  TCP connection established - Remote: 127.0.0.1:55029

[10:33:02 PM] [FLM] [TCP]  Read 76541 bytes from socket

[10:33:02 PM] [FLM] ================================================

[10:33:02 PM] [FLM] [⬇️ ]  Incoming Request: POST

[10:33:02 PM] [FLM] [LOG]  Time stamp: 22:33:02 09:02:2026

[10:33:02 PM] [FLM] [LOG]  Target: /v1/audio/transcriptions

[10:33:02 PM] [FLM] [LOG]  Version: 11

[10:33:02 PM] [FLM] [LOG]  Keep-Alive: 1

[10:33:02 PM] [FLM] [🟢 ]  NPU Locked!

[10:33:02 PM] [FLM] [info]  Length of audio: 2.368000 seconds

[10:33:02 PM] [FLM] [FLM]  Transforming audio to text...

[10:33:06 PM] [FLM] Audio content: とはとはとはとはとはとはとはとは

[10:33:06 PM] [FLM] [🔵 ]  NPU Lock Released!

[10:33:06 PM] [FLM] ================================================

[10:33:06 PM] [FLM] [🔒 ]  TCP connection closed - Remote: 127.0.0.1:55029

[10:33:35 PM] [FLM] [🔗 ]  TCP connection established - Remote: 127.0.0.1:53572

[10:33:35 PM] [FLM] [TCP]  Read 1785599 bytes from socket

[10:33:35 PM] [FLM] ================================================

[10:33:35 PM] [FLM] [⬇️ ]  Incoming Request: POST

[10:33:35 PM] [FLM] [LOG]  Time stamp: 22:33:35 09:02:2026

[10:33:35 PM] [FLM] [LOG]  Target: /v1/audio/transcriptions

[10:33:35 PM] [FLM] [LOG]  Version: 11

[10:33:35 PM] [FLM] [LOG]  Keep-Alive: 1

[10:33:35 PM] [FLM] [🟢 ]  NPU Locked!

[10:33:35 PM] [FLM] [info]  Length of audio: 55.776001 seconds

[10:33:35 PM] [FLM] [FLM]  Transforming audio to text...

[10:34:01 PM] [FLM] Audio content:  तो sorry इसी को लेकर क मेरे को doubt हो रहा था एक क्योंकि अभी भी मेरे लिए सोचना बड़ा बहुत जादा far fetched लग रह रहा है मुझे कैसे एक drone delivery system बना पाएं जो constraints मेरे दिमाग म आते हैं वो इसे के what about funds पैसा कहां सा आएगा दूसरा what about permissions जिसके अब बात कर रहे थे उससे भी सबसे बड़ा यह आता है कि what about the infrastructure structure, we have to create it or not. I have designed many things but drone design not done. I am not able to see what we can do. We are starting to do it and it is possible to do it, but if Jyotish's great manifestation is so good, I am excited to see Sivan, Sivan, I will tell you, what you are saying, what you are saying.

[10:34:01 PM] [FLM] [🔵 ]  NPU Lock Released!

[10:34:01 PM] [FLM] ================================================

[10:34:01 PM] [FLM] [🔒 ]  TCP connection closed - Remote: 127.0.0.1:53572

[10:34:03 PM] [FLM] [🔗 ]  TCP connection established - Remote: 127.0.0.1:53599

[10:34:03 PM] [FLM] [TCP]  Read 42749 bytes from socket

[10:34:03 PM] [FLM] ================================================

[10:34:03 PM] [FLM] [⬇️ ]  Incoming Request: POST

[10:34:03 PM] [FLM] [LOG]  Time stamp: 22:34:03 09:02:2026

[10:34:03 PM] [FLM] [LOG]  Target: /v1/audio/transcriptions

[10:34:03 PM] [FLM] [LOG]  Version: 11

[10:34:03 PM] [FLM] [LOG]  Keep-Alive: 1

[10:34:03 PM] [FLM] [🟢 ]  NPU Locked!

[10:34:03 PM] [FLM] [info]  Length of audio: 1.312000 seconds

[10:34:03 PM] [FLM] [FLM]  Transforming audio to text...

[10:34:07 PM] [FLM] Audio content:  Rostum.

[10:34:07 PM] [FLM] [🔵 ]  NPU Lock Released!

[10:34:07 PM] [FLM] ================================================

[10:34:07 PM] [FLM] [🔒 ]  TCP connection closed - Remote: 127.0.0.1:53599

[10:34:09 PM] [FLM] [🔗 ]  TCP connection established - Remote: 127.0.0.1:53623

[10:34:09 PM] [FLM] [TCP]  Read 105214 bytes from socket

[10:34:09 PM] [FLM] ================================================

[10:34:09 PM] [FLM] [⬇️ ]  Incoming Request: POST

[10:34:09 PM] [FLM] [LOG]  Time stamp: 22:34:09 09:02:2026

[10:34:09 PM] [FLM] [LOG]  Target: /v1/audio/transcriptions

[10:34:09 PM] [FLM] [LOG]  Version: 11

[10:34:09 PM] [FLM] [LOG]  Keep-Alive: 1

[10:34:09 PM] [FLM] [🟢 ]  NPU Locked!

[10:34:09 PM] [FLM] [info]  Length of audio: 3.264000 seconds

[10:34:09 PM] [FLM] [FLM]  Transforming audio to text...

[10:34:15 PM] [FLM] Audio content:  जो तावरास तो और हाथ में रखा है जो भी लेका है ना

[10:34:15 PM] [FLM] [🔵 ]  NPU Lock Released!

[10:34:15 PM] [FLM] ================================================

[10:34:15 PM] [FLM] [🔒 ]  TCP connection closed - Remote: 127.0.0.1:53623

[10:34:19 PM] [FLM] [🔗 ]  TCP connection established - Remote: 127.0.0.1:53626

[10:34:19 PM] [FLM] [TCP]  Read 914174 bytes from socket

[10:34:19 PM] [FLM] ================================================

[10:34:19 PM] [FLM] [⬇️ ]  Incoming Request: POST

[10:34:19 PM] [FLM] [LOG]  Time stamp: 22:34:19 09:02:2026

[10:34:19 PM] [FLM] [LOG]  Target: /v1/audio/transcriptions

[10:34:19 PM] [FLM] [LOG]  Version: 11

[10:34:19 PM] [FLM] [LOG]  Keep-Alive: 1

[10:34:19 PM] [FLM] [🟢 ]  NPU Locked!

[10:34:19 PM] [FLM] [info]  Length of audio: 28.544001 seconds

[10:34:19 PM] [FLM] [FLM]  Transforming audio to text...

[10:34:29 PM] [FLM] Audio content:  हाँ वो रियलाइज ची अभी तक कोई पर रि रिसर्च चैलेंगे जो हमने बनाया उस इतरेशन करेंगे और अभी रिफाइन हो जाएगा तो एक हम हाँ चलो

[10:34:29 PM] [FLM] [🔵 ]  NPU Lock Released!

[10:34:29 PM] [FLM] ================================================

[10:34:29 PM] [FLM] [🔒 ]  TCP connection closed - Remote: 127.0.0.1:53626

[10:35:40 PM] [FLM] [🔗 ]  TCP connection established - Remote: 127.0.0.1:54431

[10:35:40 PM] [FLM] [TCP]  Read 2833151 bytes from socket

[10:35:40 PM] [FLM] ================================================

[10:35:40 PM] [FLM] [⬇️ ]  Incoming Request: POST

[10:35:40 PM] [FLM] [LOG]  Time stamp: 22:35:40 09:02:2026

[10:35:40 PM] [FLM] [LOG]  Target: /v1/audio/transcriptions

[10:35:40 PM] [FLM] [LOG]  Version: 11

[10:35:40 PM] [FLM] [LOG]  Keep-Alive: 1

[10:35:40 PM] [FLM] [🟢 ]  NPU Locked!

[10:35:40 PM] [FLM] [info]  Length of audio: 88.512001 seconds

[10:35:40 PM] [FLM] [FLM]  Transforming audio to text...

[10:35:58 PM] [FLM] Audio content:  पर पर पर पर पर पर पाइले ट्रन कर रह है बहुत बड़ा धि पीटने के लिए कि मतलब लोग पता चल जाए कि डोन बेस दि पहले दुकान पॉल

[10:35:58 PM] [FLM] [🔵 ]  NPU Lock Released!

[10:35:58 PM] [FLM] ================================================

[10:35:58 PM] [FLM] [🔒 ]  TCP connection closed - Remote: 127.0.0.1:54431

[10:36:00 PM] [FLM] [🔗 ]  TCP connection established - Remote: 127.0.0.1:54433

[10:36:00 PM] [FLM] [TCP]  Read 105214 bytes from socket

[10:36:00 PM] [FLM] ================================================

[10:36:00 PM] [FLM] [⬇️ ]  Incoming Request: POST

[10:36:00 PM] [FLM] [LOG]  Time stamp: 22:36:00 09:02:2026

[10:36:00 PM] [FLM] [LOG]  Target: /v1/audio/transcriptions

[10:36:00 PM] [FLM] [LOG]  Version: 11

[10:36:00 PM] [FLM] [LOG]  Keep-Alive: 1

[10:36:00 PM] [FLM] [🟢 ]  NPU Locked!

[10:36:00 PM] [FLM] [info]  Length of audio: 3.264000 seconds

[10:36:00 PM] [FLM] [FLM]  Transforming audio to text...

[10:36:04 PM] [FLM] Audio content:  Uh, yes, I did.

[10:36:04 PM] [FLM] [🔵 ]  NPU Lock Released!

[10:36:04 PM] [FLM] ================================================

[10:36:04 PM] [FLM] [🔒 ]  TCP connection closed - Remote: 127.0.0.1:54433

[10:36:32 PM] [FLM] [🔗 ]  TCP connection established - Remote: 127.0.0.1:54455

[10:36:32 PM] [FLM] [TCP]  Read 1628927 bytes from socket

[10:36:32 PM] [FLM] ================================================

[10:36:32 PM] [FLM] [⬇️ ]  Incoming Request: POST

[10:36:32 PM] [FLM] [LOG]  Time stamp: 22:36:32 09:02:2026

[10:36:32 PM] [FLM] [LOG]  Target: /v1/audio/transcriptions

[10:36:32 PM] [FLM] [LOG]  Version: 11

[10:36:32 PM] [FLM] [LOG]  Keep-Alive: 1

[10:36:32 PM] [FLM] [🟢 ]  NPU Locked!

[10:36:32 PM] [FLM] [info]  Length of audio: 50.880001 seconds

[10:36:32 PM] [FLM] [FLM]  Transforming audio to text...

[10:37:02 PM] [FLM] Audio content:  यह रिशी बहुत दे दिमाग लाके मेडि लेकिन सबसे बढ़ी चीज जो है वो रे जो शिवाइशन वा वही है वही है वही वही है वही है वही अब बिल्कुर पॉस पॉसिबल है पॉं पॉंडिशे यह एक पर इस शीच का पा पाइलेट लाँच क जैसे हर कैमपस के अं प्रवाइब आप अप अप अप अप अप अप अप अप अप अप अप अप अप अप अप अप अप अप अप अप अप अप अप अप अप अप अप अप अप अप अप अप अप अप अप अप अप अप अप अप अप अप अप अप अप अप अ[🔴 ]  Client disconnected; cancelling active request

[10:37:08 PM] [FLM] प अप अप अप अप अप अप अप अप अप अप अप अप अप अप अप अप अप अप अप अप अप अप अप अप अप अप अप अप अप

[10:37:08 PM] [FLM] [🔵 ]  NPU Lock Released!

[10:37:08 PM] [FLM] ================================================

[10:37:08 PM] [FLM] [🔒 ]  TCP connection closed - Remote: 127.0.0.1:54455

[10:37:35 PM] [FLM] [🔗 ]  TCP connection established - Remote: 127.0.0.1:50471

[10:37:35 PM] [FLM] [TCP]  Read 1992447 bytes from socket

[10:37:35 PM] [FLM] ================================================

[10:37:35 PM] [FLM] [⬇️ ]  Incoming Request: POST

[10:37:35 PM] [FLM] [LOG]  Time stamp: 22:37:35 09:02:2026

[10:37:35 PM] [FLM] [LOG]  Target: /v1/audio/transcriptions

[10:37:35 PM] [FLM] [LOG]  Version: 11

[10:37:35 PM] [FLM] [LOG]  Keep-Alive: 1

[10:37:35 PM] [FLM] [🟢 ]  NPU Locked!

[10:37:35 PM] [FLM] [info]  Length of audio: 62.240002 seconds

[10:37:35 PM] [FLM] [FLM]  Transforming audio to text...

[10:38:05 PM] [FLM] Audio content:  लो उस थोडी सी जगे में हमको यह तावर इस्टाबिश करने रहे रहे रहे रहे प्रिटी शौर जै जैसा शीमान ने बत शीवांश के बारे में यह तावर कंस् अट अट इस नौट इस अल्री कर चुके तुम लोग प्रोट्टा इस नौट इस नौट इस नौट इस रहे रह इस नौट इस रहे इतने नट सी इतने बोर्ट सी इतने पा इतने पाइप सी इत इतने तूट सी ए फि पे लोगों को लगा[🔴 ]  Client disconnected; cancelling active request

[10:38:36 PM] [FLM]  अब आप आप आप आप आप आप आप आप आप आप आप आप आप आप आप आप आप आप आप आप आप आप आप आप आप आप आप आप आप आप आप आप आप आप आप आप आप आप आप आप आप आप आप आप आप आप आप आप आप आप आप आप आप आप आप आप आप आप आप आप आप आप आप आप आप आप आप आप आप आप आप आप आप आप आप आप आप आप आप आप आप आप आप आप आप आप आप आप आप आप आप आप आप आप आप आप आप आप आप आप आप आप आप आप आप आप आप आप आप आप то

[10:38:36 PM] [FLM] [🔵 ]  NPU Lock Released!

[10:38:36 PM] [FLM] ================================================

[10:38:36 PM] [FLM] [🔒 ]  TCP connection closed - Remote: 127.0.0.1:50471

[10:39:51 PM] [FLM] [🔗 ]  TCP connection established - Remote: 127.0.0.1:57499

[10:39:51 PM] [FLM] [TCP]  Read 4224767 bytes from socket

[10:39:51 PM] [FLM] ================================================

[10:39:51 PM] [FLM] [⬇️ ]  Incoming Request: POST

[10:39:51 PM] [FLM] [LOG]  Time stamp: 22:39:51 09:02:2026

[10:39:51 PM] [FLM] [LOG]  Target: /v1/audio/transcriptions

[10:39:51 PM] [FLM] [LOG]  Version: 11

[10:39:51 PM] [FLM] [LOG]  Keep-Alive: 1

[10:39:51 PM] [FLM] [🟢 ]  NPU Locked!

[10:39:51 PM] [FLM] [info]  Length of audio: 132.000000 seconds

[10:39:51 PM] [FLM] [FLM]  Transforming audio to text...

[10:40:21 PM] [FLM] Audio content:  वो एक टेखनी का वा दूसरी बात फुल अपरेशन अपरेशन तो उसके लिए जै आज के जमाने में अगर अगर अगर अगर अगर अगर अगर अगर अगर वह तुमको डारेक नहीं बेच सकते बि विना डॉक्टर के आप आप आप आप आप आप आप आप आप आप आप आप आप आप आप आप आप आप आप आप आप आप आप आप आप आप आप आप आप आप आप आप आप आप आप आप आप आप आप आप आप आप आप आप आप आप आप आप आप आप आप आप आप आप आप आप आप आप आप आ[🔴 ]  Client disconnected; cancelling active request

[10:40:45 PM] [ERROR] invalid utf-8 sequence of 2 bytes from index 361
[10:40:45 PM] [FLM] [TCP]  Read 1830655 bytes from socket

[10:40:45 PM] [FLM] ================================================

[10:40:45 PM] [FLM] [⬇️ ]  Incoming Request: POST

[10:40:45 PM] [FLM] [LOG]  Time stamp: 22:40:45 09:02:2026

[10:40:45 PM] [FLM] [LOG]  Target: /v1/audio/transcriptions

[10:40:45 PM] [FLM] [LOG]  Version: 11

[10:40:45 PM] [FLM] [LOG]  Keep-Alive: 1

[10:40:45 PM] [FLM] [🕒 ]  NPU busy, request queued (1/10): POST /v1/audio/transcriptions

[10:40:54 PM] [FLM]  पर दोग करेंगे पि तो तो इस प्रेट आप आप नह

[10:40:54 PM] [FLM] [🟡 ]  Dequeuing NPU request (0 remaining)...

[10:40:54 PM] [FLM] ================================================

[10:40:54 PM] [FLM] [🔒 ]  TCP connection closed - Remote: 127.0.0.1:57499

[10:40:54 PM] [FLM] [info]  Length of audio: 57.183998 seconds

[10:40:54 PM] [FLM] [FLM]  Transforming audio to text...

[10:41:15 PM] [FLM] Audio content:  बाकी जैसा बताया कि ड्रोन के उपर क काफी तरी डेडेडे डेडेडेडेडेडे वाटकॉप्टर के यूज़के हमको हे ताकि अगर एक मोटर प्रोपेलर वगेर वह भी रहा है तो भी डेडेडेडेडेडे बहुत सारी चीज़े प्राइवेसी इनि प्राइवेसी इनि पुब्लिक बस एक अप्स एक्साइड रह रहे हैं तो शेट पी[🔴 ]  Client disconnected; cancelling active request

[10:41:17 PM] [FLM]  तो वह[🔗 ]  TCP connection established - Remote: 127.0.0.1:57528

[10:41:17 PM] [FLM] [TCP]  Read 54013 bytes from socket

[10:41:17 PM] [FLM] ================================================

[10:41:17 PM] [FLM] [⬇️ ]  Incoming Request: POST

[10:41:17 PM] [FLM] [LOG]  Time stamp: 22:41:17 09:02:2026

[10:41:17 PM] [FLM] [LOG]  Target: /v1/audio/transcriptions

[10:41:17 PM] [FLM] [LOG]  Version: 11

[10:41:17 PM] [FLM] [LOG]  Keep-Alive: 1

[10:41:17 PM] [FLM] [🕒 ]  NPU busy, request queued (1/10): POST /v1/audio/transcriptions

[10:41:18 PM] [FLM]  वह वागे पर

[10:41:18 PM] [FLM] [🟡 ]  Dequeuing NPU request (0 remaining)...

[10:41:18 PM] [FLM] ================================================

[10:41:18 PM] [FLM] [🔒 ]  TCP connection closed - Remote: 127.0.0.1:57501

[10:41:18 PM] [FLM] [info]  Length of audio: 1.664000 seconds

[10:41:18 PM] [FLM] [FLM]  Transforming audio to text...

[10:41:23 PM] [FLM] Audio content:  Boho, sari.

[10:41:23 PM] [FLM] [🔵 ]  NPU Lock Released!

[10:41:23 PM] [FLM] ================================================

[10:41:23 PM] [FLM] [🔒 ]  TCP connection closed - Remote: 127.0.0.1:57528

[10:41:25 PM] [FLM] [🔗 ]  TCP connection established - Remote: 127.0.0.1:57530

[10:41:25 PM] [FLM] [TCP]  Read 37629 bytes from socket

[10:41:25 PM] [FLM] ================================================

[10:41:25 PM] [FLM] [⬇️ ]  Incoming Request: POST

[10:41:25 PM] [FLM] [LOG]  Time stamp: 22:41:25 09:02:2026

[10:41:25 PM] [FLM] [LOG]  Target: /v1/audio/transcriptions

[10:41:25 PM] [FLM] [LOG]  Version: 11

[10:41:25 PM] [FLM] [LOG]  Keep-Alive: 1

[10:41:25 PM] [FLM] [🟢 ]  NPU Locked!

[10:41:25 PM] [FLM] [info]  Length of audio: 1.152000 seconds

[10:41:25 PM] [FLM] [FLM]  Transforming audio to text...

[10:41:28 PM] [FLM] Audio content:  Okay.

[10:41:28 PM] [FLM] [🔵 ]  NPU Lock Released!

[10:41:28 PM] [FLM] ================================================

[10:41:28 PM] [FLM] [🔒 ]  TCP connection closed - Remote: 127.0.0.1:57530

[10:41:32 PM] [FLM] [🔗 ]  TCP connection established - Remote: 127.0.0.1:57532

[10:41:32 PM] [FLM] [TCP]  Read 892670 bytes from socket

[10:41:32 PM] [FLM] ================================================

[10:41:32 PM] [FLM] [⬇️ ]  Incoming Request: POST

[10:41:32 PM] [FLM] [LOG]  Time stamp: 22:41:32 09:02:2026

[10:41:32 PM] [FLM] [LOG]  Target: /v1/audio/transcriptions

[10:41:32 PM] [FLM] [LOG]  Version: 11

[10:41:32 PM] [FLM] [LOG]  Keep-Alive: 1

[10:41:32 PM] [FLM] [🟢 ]  NPU Locked!

[10:41:32 PM] [FLM] [info]  Length of audio: 27.872000 seconds

[10:41:32 PM] [FLM] [FLM]  Transforming audio to text...

[10:41:48 PM] [FLM] Audio content:  marketing करनी है उसके लिए एक वीडियो और एक प् प्प्ट वागेरा बनाना है वो सब कुछ ह ठीक है ये शिवां तुम कुछ प्रेस पूच्वाँच्वा वाटर्वावाँगे अपर एक एक एक एक प्रेस्ट पूच् पूच्वाँच्वा अंदर डिलिवरी क अपूच्वाँच्

[10:41:48 PM] [FLM] [🔵 ]  NPU Lock Released!

[10:41:48 PM] [FLM] ================================================

[10:41:48 PM] [FLM] [🔒 ]  TCP connection closed - Remote: 127.0.0.1:57532

[10:41:51 PM] [FLM] [🔗 ]  TCP connection established - Remote: 127.0.0.1:57534

[10:41:51 PM] [FLM] [TCP]  Read 381694 bytes from socket

[10:41:51 PM] [FLM] ================================================

[10:41:51 PM] [FLM] [⬇️ ]  Incoming Request: POST

[10:41:51 PM] [FLM] [LOG]  Time stamp: 22:41:51 09:02:2026

[10:41:51 PM] [FLM] [LOG]  Target: /v1/audio/transcriptions

[10:41:51 PM] [FLM] [LOG]  Version: 11

[10:41:51 PM] [FLM] [LOG]  Keep-Alive: 1

[10:41:51 PM] [FLM] [🟢 ]  NPU Locked!

[10:41:51 PM] [FLM] [info]  Length of audio: 11.904000 seconds

[10:41:51 PM] [FLM] [FLM]  Transforming audio to text...

[10:41:56 PM] [FLM] Audio content:  practical challenge, I will show you how to use drones. We will design drones or the existing market drones.

[10:41:56 PM] [FLM] [🔵 ]  NPU Lock Released!

[10:41:56 PM] [FLM] ================================================

[10:41:56 PM] [FLM] [🔒 ]  TCP connection closed - Remote: 127.0.0.1:57534

[10:42:13 PM] [FLM] [🔗 ]  TCP connection established - Remote: 127.0.0.1:57549

[10:42:13 PM] [FLM] [TCP]  Read 1225471 bytes from socket

[10:42:13 PM] [FLM] ================================================

[10:42:13 PM] [FLM] [⬇️ ]  Incoming Request: POST

[10:42:13 PM] [FLM] [LOG]  Time stamp: 22:42:13 09:02:2026

[10:42:13 PM] [FLM] [LOG]  Target: /v1/audio/transcriptions

[10:42:13 PM] [FLM] [LOG]  Version: 11

[10:42:13 PM] [FLM] [LOG]  Keep-Alive: 1

[10:42:13 PM] [FLM] [🟢 ]  NPU Locked!

[10:42:13 PM] [FLM] [info]  Length of audio: 38.271999 seconds

[10:42:13 PM] [FLM] [FLM]  Transforming audio to text...

[10:42:43 PM] [FLM] Audio content:  There is no need to design any scrap from scratch. Many things governs that can change the design of the drone. Basically, we have to start a new airframe which is listed in the PX4 autopilot or the audio pilot that is not the research direction we want to traverse in. So, the hexacopter will be used to be used to be used लगभग 18-inch की आस पास के प्रोपेले लगभग 18-inch की आस पास के प्रोपेले लगभग 18-inch की आस पास के प्रोपेले लगभग 18-inch की आस पास के प्रोपेले लगभग 18-inch की आस लगभग 18-inch की आस पास के प्रोपेले लगभग 18-inch की आस पास के प्रोपेले लगभग 18-inch की आस लगभ[🔴 ]  Client disconnected; cancelling active request

[10:42:46 PM] [ERROR] invalid utf-8 sequence of 2 bytes from index 96
[10:42:46 PM] [FLM] [TCP]  Read 552702 bytes from socket

[10:42:46 PM] [FLM] ================================================

[10:42:46 PM] [FLM] [⬇️ ]  Incoming Request: POST

[10:42:46 PM] [FLM] [LOG]  Time stamp: 22:42:46 09:02:2026

[10:42:46 PM] [FLM] [LOG]  Target: /v1/audio/transcriptions

[10:42:46 PM] [FLM] [LOG]  Version: 11

[10:42:46 PM] [FLM] [LOG]  Keep-Alive: 1

[10:42:46 PM] [FLM] [🕒 ]  NPU busy, request queued (1/10): POST /v1/audio/transcriptions

[10:42:54 PM] [ERROR] invalid utf-8 sequence of 1 bytes from index 0
[10:42:55 PM] [FLM] [🟡 ]  Dequeuing NPU request (0 remaining)...

[10:42:55 PM] [FLM] ================================================

[10:42:55 PM] [FLM] [🔒 ]  TCP connection closed - Remote: 127.0.0.1:57549

[10:42:55 PM] [FLM] [info]  Length of audio: 17.247999 seconds

[10:42:55 PM] [FLM] [FLM]  Transforming audio to text...

[10:43:04 PM] [FLM] Audio content:  यह सब चीज़ है तो ड्रोन तो ठीक है ड् अ फ्लाइंग एंटा यह वही जन्रिक हे हेक्साकॉप्टर रह

[10:43:04 PM] [FLM] [🔵 ]  NPU Lock Released!

[10:43:04 PM] [FLM] ================================================

[10:43:04 PM] [FLM] [🔒 ]  TCP connection closed - Remote: 127.0.0.1:56493

[10:43:14 PM] [FLM] [🔗 ]  TCP connection established - Remote: 127.0.0.1:56510

[10:43:14 PM] [FLM] [TCP]  Read 1388287 bytes from socket

[10:43:14 PM] [FLM] ================================================

[10:43:14 PM] [FLM] [⬇️ ]  Incoming Request: POST

[10:43:14 PM] [FLM] [LOG]  Time stamp: 22:43:14 09:02:2026

[10:43:14 PM] [FLM] [LOG]  Target: /v1/audio/transcriptions

[10:43:14 PM] [FLM] [LOG]  Version: 11

[10:43:14 PM] [FLM] [LOG]  Keep-Alive: 1

[10:43:14 PM] [FLM] [🟢 ]  NPU Locked!

[10:43:14 PM] [FLM] [info]  Length of audio: 43.360001 seconds

[10:43:14 PM] [FLM] [FLM]  Transforming audio to text...

[10:43:29 PM] [FLM] Audio content:  Okay. वेर ना क्वालिफा पाइले ट्रों ठी ठीक है पॉल अब तो आसे मानले चार ड् अपरेक्ट कर रहे चारों के चारों अगर एक एक अंदर लिं

[10:43:29 PM] [FLM] [🔵 ]  NPU Lock Released!

[10:43:29 PM] [FLM] ================================================

[10:43:29 PM] [FLM] [🔒 ]  TCP connection closed - Remote: 127.0.0.1:56510

[10:43:48 PM] [FLM] [🔗 ]  TCP connection established - Remote: 127.0.0.1:62815

[10:43:49 PM] [FLM] [TCP]  Read 1112831 bytes from socket

[10:43:49 PM] [FLM] ================================================

[10:43:49 PM] [FLM] [⬇️ ]  Incoming Request: POST

[10:43:49 PM] [FLM] [LOG]  Time stamp: 22:43:48 09:02:2026

[10:43:49 PM] [FLM] [LOG]  Target: /v1/audio/transcriptions

[10:43:49 PM] [FLM] [LOG]  Version: 11

[10:43:49 PM] [FLM] [LOG]  Keep-Alive: 1

[10:43:49 PM] [FLM] [🟢 ]  NPU Locked!

[10:43:49 PM] [FLM] [info]  Length of audio: 34.751999 seconds

[10:43:49 PM] [FLM] [FLM]  Transforming audio to text...

[10:44:03 PM] [FLM] Audio content:  Drone's can have intelligence that if it is an abnormal situation, anything that it is normally expecting, anything outside that is happening, drone position hold mode and control drone's screen alert. Okay? Right. Right. There the controller simply takes over, manually land it, and take it back to maintenance workshop. I am just saying that the regulatory requirement is dodged. And As long as that is dodge 25 kg drone is a good one. As long as the pilot is certified. Okay?

[10:44:03 PM] [FLM] [🔵 ]  NPU Lock Released!

[10:44:03 PM] [FLM] ================================================

[10:44:03 PM] [FLM] [🔒 ]  TCP connection closed - Remote: 127.0.0.1:62815

[10:44:13 PM] [FLM] [🔗 ]  TCP connection established - Remote: 127.0.0.1:62825

[10:44:13 PM] [FLM] [TCP]  Read 811774 bytes from socket

[10:44:13 PM] [FLM] ================================================

[10:44:13 PM] [FLM] [⬇️ ]  Incoming Request: POST

[10:44:13 PM] [FLM] [LOG]  Time stamp: 22:44:13 09:02:2026

[10:44:13 PM] [FLM] [LOG]  Target: /v1/audio/transcriptions

[10:44:13 PM] [FLM] [LOG]  Version: 11

[10:44:13 PM] [FLM] [LOG]  Keep-Alive: 1

[10:44:13 PM] [FLM] [🟢 ]  NPU Locked!

[10:44:13 PM] [FLM] [info]  Length of audio: 25.344000 seconds

[10:44:13 PM] [FLM] [FLM]  Transforming audio to text...

[10:44:18 PM] [FLM] Audio content:  So, automation is the second challenge. I think this will be our research area

[10:44:18 PM] [FLM] [🔵 ]  NPU Lock Released!

[10:44:18 PM] [FLM] ================================================

[10:44:18 PM] [FLM] [🔒 ]  TCP connection closed - Remote: 127.0.0.1:62825

[10:44:20 PM] [FLM] [🔗 ]  TCP connection established - Remote: 127.0.0.1:62828

[10:44:20 PM] [FLM] [TCP]  Read 74493 bytes from socket

[10:44:20 PM] [FLM] ================================================

[10:44:20 PM] [FLM] [⬇️ ]  Incoming Request: POST

[10:44:20 PM] [FLM] [LOG]  Time stamp: 22:44:20 09:02:2026

[10:44:20 PM] [FLM] [LOG]  Target: /v1/audio/transcriptions

[10:44:20 PM] [FLM] [LOG]  Version: 11

[10:44:20 PM] [FLM] [LOG]  Keep-Alive: 1

[10:44:20 PM] [FLM] [🟢 ]  NPU Locked!

[10:44:20 PM] [FLM] [info]  Length of audio: 2.304000 seconds

[10:44:20 PM] [FLM] [FLM]  Transforming audio to text...

[10:44:25 PM] [FLM] Audio content:  Muchas gracias. Gracias. Gracias. Gracias. Gracias.

[10:44:25 PM] [FLM] [🔵 ]  NPU Lock Released!

[10:44:25 PM] [FLM] ================================================

[10:44:25 PM] [FLM] [🔒 ]  TCP connection closed - Remote: 127.0.0.1:62828

[10:44:27 PM] [FLM] [🔗 ]  TCP connection established - Remote: 127.0.0.1:62830

[10:44:27 PM] [FLM] [TCP]  Read 33533 bytes from socket

[10:44:27 PM] [FLM] ================================================

[10:44:27 PM] [FLM] [⬇️ ]  Incoming Request: POST

[10:44:27 PM] [FLM] [LOG]  Time stamp: 22:44:27 09:02:2026

[10:44:27 PM] [FLM] [LOG]  Target: /v1/audio/transcriptions

[10:44:27 PM] [FLM] [LOG]  Version: 11

[10:44:27 PM] [FLM] [LOG]  Keep-Alive: 1

[10:44:27 PM] [FLM] [🟢 ]  NPU Locked!

[10:44:27 PM] [FLM] [info]  Length of audio: 1.024000 seconds

[10:44:27 PM] [FLM] [FLM]  Transforming audio to text...

[10:44:31 PM] [FLM] Audio content:  Thank you.

[10:44:31 PM] [FLM] [🔵 ]  NPU Lock Released!

[10:44:31 PM] [FLM] ================================================

[10:44:31 PM] [FLM] [🔒 ]  TCP connection closed - Remote: 127.0.0.1:62830

[10:44:33 PM] [FLM] [🔗 ]  TCP connection established - Remote: 127.0.0.1:62832

[10:44:33 PM] [FLM] [TCP]  Read 103166 bytes from socket

[10:44:33 PM] [FLM] ================================================

[10:44:33 PM] [FLM] [⬇️ ]  Incoming Request: POST

[10:44:33 PM] [FLM] [LOG]  Time stamp: 22:44:33 09:02:2026

[10:44:33 PM] [FLM] [LOG]  Target: /v1/audio/transcriptions

[10:44:33 PM] [FLM] [LOG]  Version: 11

[10:44:33 PM] [FLM] [LOG]  Keep-Alive: 1

[10:44:33 PM] [FLM] [🟢 ]  NPU Locked!

[10:44:33 PM] [FLM] [info]  Length of audio: 3.200000 seconds

[10:44:33 PM] [FLM] [FLM]  Transforming audio to text...

[10:44:42 PM] [FLM] Audio content:  हाँ, स्री, कुछ आटो मेशन्स रेलेटेड बो है थे हैं? हाँ, स्री, कुछ आटो मेशन्स रेलेटेड बो

[10:44:42 PM] [FLM] [🔵 ]  NPU Lock Released!

[10:44:42 PM] [FLM] ================================================

[10:44:42 PM] [FLM] [🔒 ]  TCP connection closed - Remote: 127.0.0.1:62832

[10:44:45 PM] [FLM] [🔗 ]  TCP connection established - Remote: 127.0.0.1:62834

[10:44:45 PM] [FLM] [TCP]  Read 432894 bytes from socket

[10:44:45 PM] [FLM] ================================================

[10:44:45 PM] [FLM] [⬇️ ]  Incoming Request: POST

[10:44:45 PM] [FLM] [LOG]  Time stamp: 22:44:45 09:02:2026

[10:44:45 PM] [FLM] [LOG]  Target: /v1/audio/transcriptions

[10:44:45 PM] [FLM] [LOG]  Version: 11

[10:44:45 PM] [FLM] [LOG]  Keep-Alive: 1

[10:44:45 PM] [FLM] [🟢 ]  NPU Locked!

[10:44:45 PM] [FLM] [info]  Length of audio: 13.504000 seconds

[10:44:45 PM] [FLM] [FLM]  Transforming audio to text...

[10:44:56 PM] [FLM] Audio content:  हाँ मैं यही बोला था कि जो और आटो नामास डॉकी और आटो नाविगेशन यह दो चीज़े हैं जिसक जो दूसरी चीज़े जिसके फोकस करें तर थीक है थीक है

[10:44:56 PM] [FLM] [🔵 ]  NPU Lock Released!

[10:44:56 PM] [FLM] ================================================

[10:44:56 PM] [FLM] [🔒 ]  TCP connection closed - Remote: 127.0.0.1:62834

[10:44:58 PM] [FLM] [🔗 ]  TCP connection established - Remote: 127.0.0.1:62836

[10:44:58 PM] [FLM] [TCP]  Read 145150 bytes from socket

[10:44:58 PM] [FLM] ================================================

[10:44:58 PM] [FLM] [⬇️ ]  Incoming Request: POST

[10:44:58 PM] [FLM] [LOG]  Time stamp: 22:44:58 09:02:2026

[10:44:58 PM] [FLM] [LOG]  Target: /v1/audio/transcriptions

[10:44:58 PM] [FLM] [LOG]  Version: 11

[10:44:58 PM] [FLM] [LOG]  Keep-Alive: 1

[10:44:58 PM] [FLM] [🟢 ]  NPU Locked!

[10:44:58 PM] [FLM] [info]  Length of audio: 4.512000 seconds

[10:44:58 PM] [FLM] [FLM]  Transforming audio to text...

[10:45:03 PM] [FLM] Audio content:  Okay, navigation, I will speak first. Okay?

[10:45:03 PM] [FLM] [🔵 ]  NPU Lock Released!

[10:45:03 PM] [FLM] ================================================

[10:45:03 PM] [FLM] [🔒 ]  TCP connection closed - Remote: 127.0.0.1:62836

[10:45:06 PM] [FLM] [🔗 ]  TCP connection established - Remote: 127.0.0.1:62838

[10:45:06 PM] [FLM] [TCP]  Read 755454 bytes from socket

[10:45:06 PM] [FLM] ================================================

[10:45:06 PM] [FLM] [⬇️ ]  Incoming Request: POST

[10:45:06 PM] [FLM] [LOG]  Time stamp: 22:45:06 09:02:2026

[10:45:06 PM] [FLM] [LOG]  Target: /v1/audio/transcriptions

[10:45:06 PM] [FLM] [LOG]  Version: 11

[10:45:06 PM] [FLM] [LOG]  Keep-Alive: 1

[10:45:06 PM] [FLM] [🟢 ]  NPU Locked!

[10:45:06 PM] [FLM] [info]  Length of audio: 23.584000 seconds

[10:45:06 PM] [FLM] [FLM]  Transforming audio to text...

[10:45:25 PM] [FLM] Audio content:  तुमारा हॉस्टे बिल्टिंग में गे ठीक है मुझे मैनुवल एक ड्रोन अगर अगर तो मैं उसका पाथ रे पाइपाइपाइपा और मैं प्रीकॉंफि प्रीकॉंफिगर् पाइपाइपाइपा प्रीकुंफिश्ट प् पाइपाइपाइपा प्रीकुंफिश्ट प् पाइपाइपाइपा

[10:45:25 PM] [FLM] [🔵 ]  NPU Lock Released!

[10:45:25 PM] [FLM] ================================================

[10:45:25 PM] [FLM] [🔒 ]  TCP connection closed - Remote: 127.0.0.1:62838

[10:46:06 PM] [FLM] [🔗 ]  TCP connection established - Remote: 127.0.0.1:60279

[10:46:06 PM] [FLM] [TCP]  Read 1932031 bytes from socket

[10:46:06 PM] [FLM] ================================================

[10:46:06 PM] [FLM] [⬇️ ]  Incoming Request: POST

[10:46:06 PM] [FLM] [LOG]  Time stamp: 22:46:06 09:02:2026

[10:46:06 PM] [FLM] [LOG]  Target: /v1/audio/transcriptions

[10:46:06 PM] [FLM] [LOG]  Version: 11

[10:46:06 PM] [FLM] [LOG]  Keep-Alive: 1

[10:46:06 PM] [FLM] [🟢 ]  NPU Locked!

[10:46:06 PM] [FLM] [info]  Length of audio: 60.352001 seconds

[10:46:06 PM] [FLM] [FLM]  Transforming audio to text...

[10:46:25 PM] [FLM] Audio content:  Suppose we have 10 hours left, we have defined a route from 1 to 3 and then we have defined a route from 3 to 5, we have defined a route from 5 to 4 and then we have defined a route from 4 to 2 Now, in 1 to 5, there will be some traffic coming in. Even though the drone might not take the most optimal route, the drone can by itself propagate with a very simple path solving problem. So, navigation problem is not very major. This is a standard practice, तुम एक बार देम That is the way that we are taking right now.

[10:46:25 PM] [FLM] [🔵 ]  NPU Lock Released!

[10:46:25 PM] [FLM] ================================================

[10:46:25 PM] [FLM] [🔒 ]  TCP connection closed - Remote: 127.0.0.1:60279

[10:46:27 PM] [FLM] [🔗 ]  TCP connection established - Remote: 127.0.0.1:51748

[10:46:27 PM] [FLM] [TCP]  Read 288510 bytes from socket

[10:46:27 PM] [FLM] ================================================

[10:46:27 PM] [FLM] [⬇️ ]  Incoming Request: POST

[10:46:27 PM] [FLM] [LOG]  Time stamp: 22:46:27 09:02:2026

[10:46:27 PM] [FLM] [LOG]  Target: /v1/audio/transcriptions

[10:46:27 PM] [FLM] [LOG]  Version: 11

[10:46:27 PM] [FLM] [LOG]  Keep-Alive: 1

[10:46:27 PM] [FLM] [🟢 ]  NPU Locked!

[10:46:27 PM] [FLM] [info]  Length of audio: 8.992000 seconds

[10:46:27 PM] [FLM] [FLM]  Transforming audio to text...

[10:46:33 PM] [FLM] Audio content:  Just one clarification, Siwam, when you were talking about path planning, you were talking about path planning, that you were talking about path planning.

[10:46:33 PM] [FLM] [🔵 ]  NPU Lock Released!

[10:46:33 PM] [FLM] ================================================

[10:46:33 PM] [FLM] [🔒 ]  TCP connection closed - Remote: 127.0.0.1:51748

[10:46:35 PM] [FLM] [🔗 ]  TCP connection established - Remote: 127.0.0.1:51750

[10:46:35 PM] [FLM] [TCP]  Read 64253 bytes from socket

[10:46:35 PM] [FLM] ================================================

[10:46:35 PM] [FLM] [⬇️ ]  Incoming Request: POST

[10:46:35 PM] [FLM] [LOG]  Time stamp: 22:46:35 09:02:2026

[10:46:35 PM] [FLM] [LOG]  Target: /v1/audio/transcriptions

[10:46:35 PM] [FLM] [LOG]  Version: 11

[10:46:35 PM] [FLM] [LOG]  Keep-Alive: 1

[10:46:35 PM] [FLM] [🟢 ]  NPU Locked!

[10:46:35 PM] [FLM] [info]  Length of audio: 1.984000 seconds

[10:46:35 PM] [FLM] [FLM]  Transforming audio to text...

[10:46:39 PM] [FLM] Audio content:  channel.

[10:46:39 PM] [FLM] [🔵 ]  NPU Lock Released!

[10:46:39 PM] [FLM] ================================================

[10:46:39 PM] [FLM] [🔒 ]  TCP connection closed - Remote: 127.0.0.1:51750

[10:46:41 PM] [FLM] [🔗 ]  TCP connection established - Remote: 127.0.0.1:51752

[10:46:41 PM] [FLM] [TCP]  Read 91901 bytes from socket

[10:46:41 PM] [FLM] ================================================

[10:46:41 PM] [FLM] [⬇️ ]  Incoming Request: POST

[10:46:41 PM] [FLM] [LOG]  Time stamp: 22:46:41 09:02:2026

[10:46:41 PM] [FLM] [LOG]  Target: /v1/audio/transcriptions

[10:46:41 PM] [FLM] [LOG]  Version: 11

[10:46:41 PM] [FLM] [LOG]  Keep-Alive: 1

[10:46:41 PM] [FLM] [🟢 ]  NPU Locked!

[10:46:41 PM] [FLM] [info]  Length of audio: 2.848000 seconds

[10:46:41 PM] [FLM] [FLM]  Transforming audio to text...

[10:46:45 PM] [FLM] Audio content:  My drone give up and give up and take it.

[10:46:45 PM] [FLM] [🔵 ]  NPU Lock Released!

[10:46:45 PM] [FLM] ================================================

[10:46:45 PM] [FLM] [🔒 ]  TCP connection closed - Remote: 127.0.0.1:51752

[10:46:49 PM] [FLM] [🔗 ]  TCP connection established - Remote: 127.0.0.1:51754

[10:46:49 PM] [FLM] [TCP]  Read 764670 bytes from socket

[10:46:49 PM] [FLM] ================================================

[10:46:49 PM] [FLM] [⬇️ ]  Incoming Request: POST

[10:46:49 PM] [FLM] [LOG]  Time stamp: 22:46:49 09:02:2026

[10:46:49 PM] [FLM] [LOG]  Target: /v1/audio/transcriptions

[10:46:49 PM] [FLM] [LOG]  Version: 11

[10:46:49 PM] [FLM] [LOG]  Keep-Alive: 1

[10:46:49 PM] [FLM] [🟢 ]  NPU Locked!

[10:46:49 PM] [FLM] [info]  Length of audio: 23.872000 seconds

[10:46:49 PM] [FLM] [FLM]  Transforming audio to text...

[10:46:57 PM] [FLM] Audio content:  Another challenge which I think is battery. So, battery replacement charge, or a drone is, we will replace the drone, or we will charge the drone and charge the drone. So, this is the outcome. Okay. Our first pilot, which we will do in a particular one, we will replace the drone, which is the first pilot.

[10:46:57 PM] [FLM] [🔵 ]  NPU Lock Released!

[10:46:57 PM] [FLM] ================================================

[10:46:57 PM] [FLM] [🔒 ]  TCP connection closed - Remote: 127.0.0.1:51754

[10:46:59 PM] [FLM] [🔗 ]  TCP connection established - Remote: 127.0.0.1:51768

[10:46:59 PM] [FLM] [TCP]  Read 63229 bytes from socket

[10:46:59 PM] [FLM] ================================================

[10:46:59 PM] [FLM] [⬇️ ]  Incoming Request: POST

[10:46:59 PM] [FLM] [LOG]  Time stamp: 22:46:59 09:02:2026

[10:46:59 PM] [FLM] [LOG]  Target: /v1/audio/transcriptions

[10:46:59 PM] [FLM] [LOG]  Version: 11

[10:46:59 PM] [FLM] [LOG]  Keep-Alive: 1

[10:46:59 PM] [FLM] [🟢 ]  NPU Locked!

[10:46:59 PM] [FLM] [info]  Length of audio: 1.952000 seconds

[10:46:59 PM] [FLM] [FLM]  Transforming audio to text...

[10:47:03 PM] [FLM] Audio content:  ating the laws of this.

[10:47:03 PM] [FLM] [🔵 ]  NPU Lock Released!

[10:47:03 PM] [FLM] ================================================

[10:47:03 PM] [FLM] [🔒 ]  TCP connection closed - Remote: 127.0.0.1:51768

[10:47:06 PM] [FLM] [🔗 ]  TCP connection established - Remote: 127.0.0.1:51770

[10:47:06 PM] [FLM] [TCP]  Read 29437 bytes from socket

[10:47:06 PM] [FLM] ================================================

[10:47:06 PM] [FLM] [⬇️ ]  Incoming Request: POST

[10:47:06 PM] [FLM] [LOG]  Time stamp: 22:47:06 09:02:2026

[10:47:06 PM] [FLM] [LOG]  Target: /v1/audio/transcriptions

[10:47:06 PM] [FLM] [LOG]  Version: 11

[10:47:06 PM] [FLM] [LOG]  Keep-Alive: 1

[10:47:06 PM] [FLM] [🟢 ]  NPU Locked!

[10:47:06 PM] [FLM] [info]  Length of audio: 0.896000 seconds

[10:47:06 PM] [FLM] [FLM]  Transforming audio to text...

[10:47:10 PM] [FLM] Audio content:  Thank you.

[10:47:10 PM] [FLM] [🔵 ]  NPU Lock Released!

[10:47:10 PM] [FLM] ================================================

[10:47:10 PM] [FLM] [🔒 ]  TCP connection closed - Remote: 127.0.0.1:51770

[10:47:12 PM] [FLM] [🔗 ]  TCP connection established - Remote: 127.0.0.1:51772

[10:47:12 PM] [FLM] [TCP]  Read 38653 bytes from socket

[10:47:12 PM] [FLM] ================================================

[10:47:12 PM] [FLM] [⬇️ ]  Incoming Request: POST

[10:47:12 PM] [FLM] [LOG]  Time stamp: 22:47:12 09:02:2026

[10:47:12 PM] [FLM] [LOG]  Target: /v1/audio/transcriptions

[10:47:12 PM] [FLM] [LOG]  Version: 11

[10:47:12 PM] [FLM] [LOG]  Keep-Alive: 1

[10:47:12 PM] [FLM] [🟢 ]  NPU Locked!

[10:47:12 PM] [FLM] [info]  Length of audio: 1.184000 seconds

[10:47:12 PM] [FLM] [FLM]  Transforming audio to text...

[10:47:16 PM] [FLM] Audio content:  Okay.

[10:47:16 PM] [FLM] [🔵 ]  NPU Lock Released!

[10:47:16 PM] [FLM] ================================================

[10:47:16 PM] [FLM] [🔒 ]  TCP connection closed - Remote: 127.0.0.1:51772

[10:47:18 PM] [FLM] [🔗 ]  TCP connection established - Remote: 127.0.0.1:51774

[10:47:18 PM] [FLM] [TCP]  Read 39677 bytes from socket

[10:47:18 PM] [FLM] ================================================

[10:47:18 PM] [FLM] [⬇️ ]  Incoming Request: POST

[10:47:18 PM] [FLM] [LOG]  Time stamp: 22:47:18 09:02:2026

[10:47:18 PM] [FLM] [LOG]  Target: /v1/audio/transcriptions

[10:47:18 PM] [FLM] [LOG]  Version: 11

[10:47:18 PM] [FLM] [LOG]  Keep-Alive: 1

[10:47:18 PM] [FLM] [🟢 ]  NPU Locked!

[10:47:18 PM] [FLM] [info]  Length of audio: 1.216000 seconds

[10:47:18 PM] [FLM] [FLM]  Transforming audio to text...

[10:47:22 PM] [FLM] Audio content:  So...

[10:47:22 PM] [FLM] [🔵 ]  NPU Lock Released!

[10:47:22 PM] [FLM] ================================================

[10:47:22 PM] [FLM] [🔒 ]  TCP connection closed - Remote: 127.0.0.1:51774

[10:47:24 PM] [FLM] [🔗 ]  TCP connection established - Remote: 127.0.0.1:59045

[10:47:24 PM] [FLM] [TCP]  Read 80637 bytes from socket

[10:47:24 PM] [FLM] ================================================

[10:47:24 PM] [FLM] [⬇️ ]  Incoming Request: POST

[10:47:24 PM] [FLM] [LOG]  Time stamp: 22:47:24 09:02:2026

[10:47:24 PM] [FLM] [LOG]  Target: /v1/audio/transcriptions

[10:47:24 PM] [FLM] [LOG]  Version: 11

[10:47:24 PM] [FLM] [LOG]  Keep-Alive: 1

[10:47:24 PM] [FLM] [🟢 ]  NPU Locked!

[10:47:24 PM] [FLM] [info]  Length of audio: 2.496000 seconds

[10:47:24 PM] [FLM] [FLM]  Transforming audio to text...

[10:47:28 PM] [FLM] Audio content:  I have it out.

[10:47:28 PM] [FLM] [🔵 ]  NPU Lock Released!

[10:47:28 PM] [FLM] ================================================

[10:47:28 PM] [FLM] [🔒 ]  TCP connection closed - Remote: 127.0.0.1:59045

[10:47:31 PM] [FLM] [🔗 ]  TCP connection established - Remote: 127.0.0.1:59047

[10:47:31 PM] [FLM] [TCP]  Read 362238 bytes from socket

[10:47:31 PM] [FLM] ================================================

[10:47:31 PM] [FLM] [⬇️ ]  Incoming Request: POST

[10:47:31 PM] [FLM] [LOG]  Time stamp: 22:47:31 09:02:2026

[10:47:31 PM] [FLM] [LOG]  Target: /v1/audio/transcriptions

[10:47:31 PM] [FLM] [LOG]  Version: 11

[10:47:31 PM] [FLM] [LOG]  Keep-Alive: 1

[10:47:31 PM] [FLM] [🟢 ]  NPU Locked!

[10:47:31 PM] [FLM] [info]  Length of audio: 11.296000 seconds

[10:47:31 PM] [FLM] [FLM]  Transforming audio to text...

[10:47:38 PM] [FLM] Audio content:  Hello, am I on the phone? - Yes, you are on the phone - Like how much time it will take for it to roll, like better to be drained out, like if it is operating in a full-flake mode

[10:47:38 PM] [FLM] [🔵 ]  NPU Lock Released!

[10:47:38 PM] [FLM] ================================================

[10:47:38 PM] [FLM] [🔒 ]  TCP connection closed - Remote: 127.0.0.1:59047

[10:47:40 PM] [FLM] [🔗 ]  TCP connection established - Remote: 127.0.0.1:59062

[10:47:40 PM] [FLM] [TCP]  Read 280318 bytes from socket

[10:47:40 PM] [FLM] ================================================

[10:47:40 PM] [FLM] [⬇️ ]  Incoming Request: POST

[10:47:40 PM] [FLM] [LOG]  Time stamp: 22:47:40 09:02:2026

[10:47:40 PM] [FLM] [LOG]  Target: /v1/audio/transcriptions

[10:47:40 PM] [FLM] [LOG]  Version: 11

[10:47:40 PM] [FLM] [LOG]  Keep-Alive: 1

[10:47:40 PM] [FLM] [🟢 ]  NPU Locked!

[10:47:40 PM] [FLM] [info]  Length of audio: 8.736000 seconds

[10:47:40 PM] [FLM] [FLM]  Transforming audio to text...

[10:47:45 PM] [FLM] Audio content:  अब लोग मतलब कुछ स

[10:47:45 PM] [FLM] [🔵 ]  NPU Lock Released!

[10:47:45 PM] [FLM] ================================================

[10:47:45 PM] [FLM] [🔒 ]  TCP connection closed - Remote: 127.0.0.1:59062

[10:47:48 PM] [FLM] [🔗 ]  TCP connection established - Remote: 127.0.0.1:59064

[10:47:48 PM] [FLM] [TCP]  Read 209662 bytes from socket

[10:47:48 PM] [FLM] ================================================

[10:47:48 PM] [FLM] [⬇️ ]  Incoming Request: POST

[10:47:48 PM] [FLM] [LOG]  Time stamp: 22:47:48 09:02:2026

[10:47:48 PM] [FLM] [LOG]  Target: /v1/audio/transcriptions

[10:47:48 PM] [FLM] [LOG]  Version: 11

[10:47:48 PM] [FLM] [LOG]  Keep-Alive: 1

[10:47:48 PM] [FLM] [🟢 ]  NPU Locked!

[10:47:48 PM] [FLM] [info]  Length of audio: 6.528000 seconds

[10:47:48 PM] [FLM] [FLM]  Transforming audio to text...

[10:47:52 PM] [FLM] Audio content:  what is the charging time and the wait for our consumed by it for charging?

[10:47:52 PM] [FLM] [🔵 ]  NPU Lock Released!

[10:47:52 PM] [FLM] ================================================

[10:47:52 PM] [FLM] [🔒 ]  TCP connection closed - Remote: 127.0.0.1:59064

[10:49:49 PM] [FLM] [🔗 ]  TCP connection established - Remote: 127.0.0.1:56021

[10:49:49 PM] [FLM] [TCP]  Read 4028159 bytes from socket

[10:49:49 PM] [FLM] ================================================

[10:49:49 PM] [FLM] [⬇️ ]  Incoming Request: POST

[10:49:49 PM] [FLM] [LOG]  Time stamp: 22:49:49 09:02:2026

[10:49:49 PM] [FLM] [LOG]  Target: /v1/audio/transcriptions

[10:49:49 PM] [FLM] [LOG]  Version: 11

[10:49:49 PM] [FLM] [LOG]  Keep-Alive: 1

[10:49:49 PM] [FLM] [🟢 ]  NPU Locked!

[10:49:49 PM] [FLM] [info]  Length of audio: 125.856003 seconds

[10:49:49 PM] [FLM] [FLM]  Transforming audio to text...

[10:50:19 PM] [FLM] Audio content:  तो प्रसाइब आप आप आप आप आप आप आप आप आप आप आप आप आप आप आप आप आप आप आप आप आप आप आप आप आप आप आप आप आप आप आप आप आप आप आप आप आप आप आप आप आप आप आप आप आप आप आप आप आप आप आप आप आप आप आप आप आप आप आप आप आप आप आप आप आप आप आप आप आप आप आप आप आप आप आप आप आप आप आप आप आप आप आप आप आप आप आप आप आप आप आप आप आप आप आप आप आप आप आप आप आप आप आप आप आप आप आप आप[🔴 ]  Client disconnected; cancelling active request

[10:50:22 PM] [FLM]  अपन बनी सेव कर स अपने बचेगा पै[🔗 ]  TCP connection established - Remote: 127.0.0.1:56048

[10:50:22 PM] [FLM] [TCP]  Read 529150 bytes from socket

[10:50:22 PM] [FLM] ================================================

[10:50:22 PM] [FLM] [⬇️ ]  Incoming Request: POST

[10:50:22 PM] [FLM] [LOG]  Time stamp: 22:50:22 09:02:2026

[10:50:22 PM] [FLM] [LOG]  Target: /v1/audio/transcriptions

[10:50:22 PM] [FLM] [LOG]  Version: 11

[10:50:22 PM] [FLM] [LOG]  Keep-Alive: 1

[10:50:22 PM] [FLM] [🕒 ]  NPU busy, request queued (1/10): POST /v1/audio/transcriptions

[10:50:43 PM] [FLM]  पर चार्चिंग जो लेके पार्स अपन अभी के लिए इस पा अभी के लिए प्र अगर अपरेट कर रह वहर प्र आएंगे पर राइगा वह जा पर राइगा वह जा अब पर राइगा वा अब पर राइगा यह अप्शन है कि अगर प्रवाइब आप अन

[10:50:43 PM] [FLM] [🟡 ]  Dequeuing NPU request (0 remaining)...

[10:50:43 PM] [FLM] ================================================

[10:50:44 PM] [FLM] [🔒 ]  TCP connection closed - Remote: 127.0.0.1:56021

[10:50:44 PM] [FLM] [info]  Length of audio: 16.511999 seconds

[10:50:44 PM] [FLM] [FLM]  Transforming audio to text...

[10:50:51 PM] [FLM] Audio content:  एक ड्रोन से 300 तक बो तक बोलते हैं कि वह एक बैटरी से हो पा राइट हम दो ड्र

[10:50:51 PM] [FLM] [🔵 ]  NPU Lock Released!

[10:50:51 PM] [FLM] ================================================

[10:50:51 PM] [FLM] [🔒 ]  TCP connection closed - Remote: 127.0.0.1:56048

[10:50:54 PM] [FLM] [🔗 ]  TCP connection established - Remote: 127.0.0.1:56062

[10:50:54 PM] [FLM] [TCP]  Read 658174 bytes from socket

[10:50:54 PM] [FLM] ================================================

[10:50:54 PM] [FLM] [⬇️ ]  Incoming Request: POST

[10:50:54 PM] [FLM] [LOG]  Time stamp: 22:50:54 09:02:2026

[10:50:54 PM] [FLM] [LOG]  Target: /v1/audio/transcriptions

[10:50:54 PM] [FLM] [LOG]  Version: 11

[10:50:54 PM] [FLM] [LOG]  Keep-Alive: 1

[10:50:54 PM] [FLM] [🟢 ]  NPU Locked!

[10:50:54 PM] [FLM] [info]  Length of audio: 20.544001 seconds

[10:50:54 PM] [FLM] [FLM]  Transforming audio to text...

[10:51:11 PM] [FLM] Audio content:  तो ड्रोन डॉक नह हो रहा है ड्रोन को डॉक कराके चार्ज अभी नहीं कराना है हमको प्रोन बेस्ट डि ड्रोन बेस्ट डि डिवरी प्रूव क रहे वहां पर प्र पुर्ट पाइलेट म अभी यह थे थे थे बाखी चीज़ आप् प्तिमाइशियों थे कि रोन कहीं भी पा आप्र आप्र आप् आप्र आप्र आप्

[10:51:11 PM] [FLM] [🔵 ]  NPU Lock Released!

[10:51:11 PM] [FLM] ================================================

[10:51:11 PM] [FLM] [🔒 ]  TCP connection closed - Remote: 127.0.0.1:56062

[10:51:14 PM] [FLM] [🔗 ]  TCP connection established - Remote: 127.0.0.1:56088

[10:51:14 PM] [FLM] [TCP]  Read 90877 bytes from socket

[10:51:14 PM] [FLM] ================================================

[10:51:14 PM] [FLM] [⬇️ ]  Incoming Request: POST

[10:51:14 PM] [FLM] [LOG]  Time stamp: 22:51:14 09:02:2026

[10:51:14 PM] [FLM] [LOG]  Target: /v1/audio/transcriptions

[10:51:14 PM] [FLM] [LOG]  Version: 11

[10:51:14 PM] [FLM] [LOG]  Keep-Alive: 1

[10:51:14 PM] [FLM] [🟢 ]  NPU Locked!

[10:51:14 PM] [FLM] [info]  Length of audio: 2.816000 seconds

[10:51:14 PM] [FLM] [FLM]  Transforming audio to text...

[10:51:18 PM] [FLM] Audio content:  तेकि मैंने बीच म

[10:51:18 PM] [FLM] [🔵 ]  NPU Lock Released!

[10:51:18 PM] [FLM] ================================================

[10:51:18 PM] [FLM] [🔒 ]  TCP connection closed - Remote: 127.0.0.1:56088

[10:51:21 PM] [FLM] [🔗 ]  TCP connection established - Remote: 127.0.0.1:49844

[10:51:21 PM] [FLM] [TCP]  Read 257790 bytes from socket

[10:51:21 PM] [FLM] ================================================

[10:51:21 PM] [FLM] [⬇️ ]  Incoming Request: POST

[10:51:21 PM] [FLM] [LOG]  Time stamp: 22:51:21 09:02:2026

[10:51:21 PM] [FLM] [LOG]  Target: /v1/audio/transcriptions

[10:51:21 PM] [FLM] [LOG]  Version: 11

[10:51:21 PM] [FLM] [LOG]  Keep-Alive: 1

[10:51:21 PM] [FLM] [🟢 ]  NPU Locked!

[10:51:21 PM] [FLM] [info]  Length of audio: 8.032000 seconds

[10:51:21 PM] [FLM] [FLM]  Transforming audio to text...

[10:51:24 PM] [FLM] Audio content:  um

[10:51:24 PM] [FLM] [🔵 ]  NPU Lock Released!

[10:51:24 PM] [FLM] ================================================

[10:51:25 PM] [FLM] [🔒 ]  TCP connection closed - Remote: 127.0.0.1:49844

[10:51:27 PM] [FLM] [🔗 ]  TCP connection established - Remote: 127.0.0.1:49846

[10:51:27 PM] [FLM] [TCP]  Read 78589 bytes from socket

[10:51:27 PM] [FLM] ================================================

[10:51:27 PM] [FLM] [⬇️ ]  Incoming Request: POST

[10:51:27 PM] [FLM] [LOG]  Time stamp: 22:51:27 09:02:2026

[10:51:27 PM] [FLM] [LOG]  Target: /v1/audio/transcriptions

[10:51:27 PM] [FLM] [LOG]  Version: 11

[10:51:27 PM] [FLM] [LOG]  Keep-Alive: 1

[10:51:27 PM] [FLM] [🟢 ]  NPU Locked!

[10:51:27 PM] [FLM] [info]  Length of audio: 2.432000 seconds

[10:51:27 PM] [FLM] [FLM]  Transforming audio to text...

[10:51:31 PM] [FLM] Audio content:  There are bunch materials here.

[10:51:31 PM] [FLM] [🔵 ]  NPU Lock Released!

[10:51:31 PM] [FLM] ================================================

[10:51:31 PM] [FLM] [🔒 ]  TCP connection closed - Remote: 127.0.0.1:49846

[10:51:33 PM] [FLM] [🔗 ]  TCP connection established - Remote: 127.0.0.1:49848

[10:51:34 PM] [FLM] [TCP]  Read 335614 bytes from socket

[10:51:34 PM] [FLM] ================================================

[10:51:34 PM] [FLM] [⬇️ ]  Incoming Request: POST

[10:51:34 PM] [FLM] [LOG]  Time stamp: 22:51:33 09:02:2026

[10:51:34 PM] [FLM] [LOG]  Target: /v1/audio/transcriptions

[10:51:34 PM] [FLM] [LOG]  Version: 11

[10:51:34 PM] [FLM] [LOG]  Keep-Alive: 1

[10:51:34 PM] [FLM] [🟢 ]  NPU Locked!

[10:51:34 PM] [FLM] [info]  Length of audio: 10.464000 seconds

[10:51:34 PM] [FLM] [FLM]  Transforming audio to text...

[10:52:01 PM] [FLM] Audio content:  ड्रोन एक अस्ते क अधर बन सकता है ठी है वह बॉक्स वागर यह कैसे मांट होगा कैसे डिस्मांट हो वह मेकानिजम डेवल करने के लिए एक से वन मंथ आए आए आए आए आए आए आए आए आए आए आए आए आए आए आए आए आए आए आए आए आए आए आए आए आए आए आए आए आए आए आए आए आए आए आए आए आए आए आए आए आए आए आए आए आए आए आए आए आए आए आए

[10:52:01 PM] [FLM] [🔵 ]  NPU Lock Released!

[10:52:01 PM] [FLM] ================================================

[10:52:01 PM] [FLM] [🔒 ]  TCP connection closed - Remote: 127.0.0.1:49848

[10:52:03 PM] [FLM] [🔗 ]  TCP connection established - Remote: 127.0.0.1:49858

[10:52:03 PM] [FLM] [TCP]  Read 99069 bytes from socket

[10:52:03 PM] [FLM] ================================================

[10:52:03 PM] [FLM] [⬇️ ]  Incoming Request: POST

[10:52:03 PM] [FLM] [LOG]  Time stamp: 22:52:03 09:02:2026

[10:52:03 PM] [FLM] [LOG]  Target: /v1/audio/transcriptions

[10:52:03 PM] [FLM] [LOG]  Version: 11

[10:52:03 PM] [FLM] [LOG]  Keep-Alive: 1

[10:52:03 PM] [FLM] [🟢 ]  NPU Locked!

[10:52:03 PM] [FLM] [info]  Length of audio: 3.072000 seconds

[10:52:03 PM] [FLM] [FLM]  Transforming audio to text...

[10:52:07 PM] [FLM] Audio content:  तो hardware development

[10:52:07 PM] [FLM] [🔵 ]  NPU Lock Released!

[10:52:07 PM] [FLM] ================================================

[10:52:07 PM] [FLM] [🔒 ]  TCP connection closed - Remote: 127.0.0.1:49858

[10:53:21 PM] [FLM] [🔗 ]  TCP connection established - Remote: 127.0.0.1:62128

[10:53:21 PM] [FLM] [TCP]  Read 4511487 bytes from socket

[10:53:21 PM] [FLM] ================================================

[10:53:21 PM] [FLM] [⬇️ ]  Incoming Request: POST

[10:53:21 PM] [FLM] [LOG]  Time stamp: 22:53:21 09:02:2026

[10:53:21 PM] [FLM] [LOG]  Target: /v1/audio/transcriptions

[10:53:21 PM] [FLM] [LOG]  Version: 11

[10:53:21 PM] [FLM] [LOG]  Keep-Alive: 1

[10:53:21 PM] [FLM] [🟢 ]  NPU Locked!

[10:53:21 PM] [FLM] [info]  Length of audio: 140.960007 seconds

[10:53:21 PM] [FLM] [FLM]  Transforming audio to text...

[10:53:51 PM] [FLM] Audio content:  शे महिने से जादा नहीं खीजना चार रहा है तावर सावर तावर से इस्टॉल करने में हाथ वाड़ा तो तो तो तो तो तो मेक दम मौडिलर कि आज ठीक हम पाइल पाइले पॉन चेर पाइले पॉन चेर तो तो तो तो तो तो तो तो तो तो तो तो तो तो तो तो तो तो तो तो तो तो तो तो तो तो तो तो तो तो तो तो तो तो तो तो तो तो तो तो तो तो और वाद रहा है तो और वाद रहा है वाद रहा है वाद रह installed on there we can man it can be a manned operation that can be authorized that can be done that can be done that could be done but uh[🔴 ]  Client disconnected; cancelling active request

[10:53:55 PM] [ERROR] invalid utf-8 sequence of 2 bytes from index 38
[10:53:55 PM] [FLM] [TCP]  Read 631550 bytes from socket

[10:53:55 PM] [FLM] ================================================

[10:53:55 PM] [FLM] [⬇️ ]  Incoming Request: POST

[10:53:55 PM] [FLM] [LOG]  Time stamp: 22:53:55 09:02:2026

[10:53:55 PM] [FLM] [LOG]  Target: /v1/audio/transcriptions

[10:53:55 PM] [FLM] [LOG]  Version: 11

[10:53:55 PM] [FLM] [LOG]  Keep-Alive: 1

[10:53:55 PM] [FLM] [🕒 ]  NPU busy, request queued (1/10): POST /v1/audio/transcriptions

[10:54:27 PM] [ERROR] invalid utf-8 sequence of 1 bytes from index 0
[10:54:27 PM] [FLM] [TCP]  Read 123646 bytes from socket

[10:54:27 PM] [FLM] ================================================

[10:54:27 PM] [FLM] [⬇️ ]  Incoming Request: POST

[10:54:27 PM] [FLM] [LOG]  Time stamp: 22:54:27 09:02:2026

[10:54:27 PM] [FLM] [LOG]  Target: /v1/audio/transcriptions

[10:54:27 PM] [FLM] [LOG]  Version: 11

[10:54:27 PM] [FLM] [LOG]  Keep-Alive: 1

[10:54:27 PM] [FLM] [🕒 ]  NPU busy, request queued (2/10): POST /v1/audio/transcriptions

[10:54:30 PM] [FLM]  experiment right it gives us a stepping stone for that uh also uh a novelty factor because it's not a very complicated thing to develop at this point also right that is the only reason why i'm rooting for that tower

[10:54:31 PM] [FLM] [🟡 ]  Dequeuing NPU request (1 remaining)...

[10:54:31 PM] [FLM] [🔴 ]  Client disconnected; cancelling active request

[10:54:31 PM] [FLM] ================================================

[10:54:31 PM] [FLM] [🔒 ]  TCP connection closed - Remote: 127.0.0.1:62128

[10:54:31 PM] [FLM] [info]  Length of audio: 19.712000 seconds

[10:54:31 PM] [FLM] [FLM]  Transforming audio to text...

[10:54:37 PM] [FLM] Audio content:  because the returns are too much and the investment we put in is like it's moderate but it's doable right so is this one i think tower should be there yeah so here the biggest challenge is that the drone and tower

[10:54:38 PM] [FLM] [🟡 ]  Dequeuing NPU request (0 remaining)...

[10:54:38 PM] [FLM] ================================================

[10:54:38 PM] [FLM] [🔒 ]  TCP connection closed - Remote: 127.0.0.1:54411

[10:54:38 PM] [FLM] [info]  Length of audio: 3.840000 seconds

[10:54:38 PM] [FLM] [FLM]  Transforming audio to text...

[10:54:44 PM] [FLM] Audio content:  जो है प्लान डिला एक दूम दिखे उपर

[10:54:44 PM] [FLM] [🔵 ]  NPU Lock Released!

[10:54:44 PM] [FLM] ================================================

[10:54:44 PM] [FLM] [🔒 ]  TCP connection closed - Remote: 127.0.0.1:54442

[10:55:41 PM] [FLM] [🔗 ]  TCP connection established - Remote: 127.0.0.1:54482

[10:55:41 PM] [FLM] [TCP]  Read 3761919 bytes from socket

[10:55:41 PM] [FLM] ================================================

[10:55:41 PM] [FLM] [⬇️ ]  Incoming Request: POST

[10:55:41 PM] [FLM] [LOG]  Time stamp: 22:55:41 09:02:2026

[10:55:41 PM] [FLM] [LOG]  Target: /v1/audio/transcriptions

[10:55:41 PM] [FLM] [LOG]  Version: 11

[10:55:41 PM] [FLM] [LOG]  Keep-Alive: 1

[10:55:41 PM] [FLM] [🟢 ]  NPU Locked!

[10:55:41 PM] [FLM] [info]  Length of audio: 117.536003 seconds

[10:55:41 PM] [FLM] [FLM]  Transforming audio to text...

[10:56:11 PM] [ERROR] invalid utf-8 sequence of 2 bytes from index 1100
[10:56:14 PM] [ERROR] invalid utf-8 sequence of 1 bytes from index 0
[10:56:14 PM] [FLM] [TCP]  Read 307966 bytes from socket

[10:56:14 PM] [FLM] ================================================

[10:56:14 PM] [FLM] [⬇️ ]  Incoming Request: POST

[10:56:14 PM] [FLM] [LOG]  Time stamp: 22:56:14 09:02:2026

[10:56:14 PM] [FLM] [LOG]  Target: /v1/audio/transcriptions

[10:56:14 PM] [FLM] [LOG]  Version: 11

[10:56:14 PM] [FLM] [LOG]  Keep-Alive: 1

[10:56:14 PM] [FLM] [🕒 ]  NPU busy, request queued (1/10): POST /v1/audio/transcriptions

[10:56:32 PM] [FLM]  आ जिसमें ड्रोन जो वो अपने अपने अपन पर होड़ा रहता ह लेकिन वो एक चोटा पीचीज एक रफ् तो वह भी दिलिवर तो पकड़ी जी चा

[10:56:32 PM] [FLM] [🟡 ]  Dequeuing NPU request (0 remaining)...

[10:56:32 PM] [FLM] ================================================

[10:56:32 PM] [FLM] [🔒 ]  TCP connection closed - Remote: 127.0.0.1:54482

[10:56:32 PM] [FLM] [info]  Length of audio: 9.600000 seconds

[10:56:32 PM] [FLM] [FLM]  Transforming audio to text...

[10:56:42 PM] [FLM] Audio content:  अगर एक दुकान क लेके जारे जिप ले वो बस अपना बॉक डालेगा वहाँ अगर इन दुकान के लेक लेकर लेकर लेकर ले

[10:56:42 PM] [FLM] [🔵 ]  NPU Lock Released!

[10:56:42 PM] [FLM] ================================================

[10:56:42 PM] [FLM] [🔒 ]  TCP connection closed - Remote: 127.0.0.1:54498

[10:56:46 PM] [FLM] [🔗 ]  TCP connection established - Remote: 127.0.0.1:54500

[10:56:46 PM] [FLM] [TCP]  Read 1150719 bytes from socket

[10:56:46 PM] [FLM] ================================================

[10:56:46 PM] [FLM] [⬇️ ]  Incoming Request: POST

[10:56:46 PM] [FLM] [LOG]  Time stamp: 22:56:46 09:02:2026

[10:56:46 PM] [FLM] [LOG]  Target: /v1/audio/transcriptions

[10:56:46 PM] [FLM] [LOG]  Version: 11

[10:56:46 PM] [FLM] [LOG]  Keep-Alive: 1

[10:56:46 PM] [FLM] [🟢 ]  NPU Locked!

[10:56:46 PM] [FLM] [info]  Length of audio: 35.936001 seconds

[10:56:46 PM] [FLM] [FLM]  Transforming audio to text...

[10:57:08 PM] [FLM] Audio content:  तो अगर जाएगा like weight bhoot gaeg ga like most of other food to do so maximum one kg hootahe is se jadha nahi hoot haam khane wala chiz mool hai per one person ag aagar jadha hooga to maximum 3 kg like 5-6 loog ke liye hai hai thik hai oa aich chiz dursa chiz hai haam rasi wala chiz kaar saakta like in the software there will be drone abhi gps me pohonj gaya to there will be some beat sound so तो जो दुका अंदर को यह एक एक नोटि

[10:57:08 PM] [FLM] [🔵 ]  NPU Lock Released!

[10:57:08 PM] [FLM] ================================================

[10:57:08 PM] [FLM] [🔒 ]  TCP connection closed - Remote: 127.0.0.1:54500

[10:57:11 PM] [FLM] [🔗 ]  TCP connection established - Remote: 127.0.0.1:54508

[10:57:11 PM] [FLM] [TCP]  Read 712446 bytes from socket

[10:57:11 PM] [FLM] ================================================

[10:57:11 PM] [FLM] [⬇️ ]  Incoming Request: POST

[10:57:11 PM] [FLM] [LOG]  Time stamp: 22:57:11 09:02:2026

[10:57:11 PM] [FLM] [LOG]  Target: /v1/audio/transcriptions

[10:57:11 PM] [FLM] [LOG]  Version: 11

[10:57:11 PM] [FLM] [LOG]  Keep-Alive: 1

[10:57:11 PM] [FLM] [🟢 ]  NPU Locked!

[10:57:11 PM] [FLM] [info]  Length of audio: 22.240000 seconds

[10:57:11 PM] [FLM] [FLM]  Transforming audio to text...

[10:57:30 PM] [FLM] Audio content:  अगर वो दो मिनिट क अंदर नहीं आएगा देर वी सम रिमांडर बीप साँड जो कि फिर से रिमांड कर कि आ गया है वाई दे दो ते दो वो अपन यह अलाव कर देगा फिर लोग क्या करे अपने चीज रखे लेकिन यहां पर हमें यह भी ख्याल लोग अचली फूर दे रहे हैं या उस के जगा कुछ और दे रहे हैं तो आपके

[10:57:30 PM] [FLM] [🔵 ]  NPU Lock Released!

[10:57:30 PM] [FLM] ================================================

[10:57:30 PM] [FLM] [🔒 ]  TCP connection closed - Remote: 127.0.0.1:54508

[10:57:58 PM] [FLM] [🔗 ]  TCP connection established - Remote: 127.0.0.1:60440

[10:57:58 PM] [FLM] [TCP]  Read 2262783 bytes from socket

[10:57:58 PM] [FLM] ================================================

[10:57:58 PM] [FLM] [⬇️ ]  Incoming Request: POST

[10:57:58 PM] [FLM] [LOG]  Time stamp: 22:57:58 09:02:2026

[10:57:58 PM] [FLM] [LOG]  Target: /v1/audio/transcriptions

[10:57:58 PM] [FLM] [LOG]  Version: 11

[10:57:58 PM] [FLM] [LOG]  Keep-Alive: 1

[10:57:58 PM] [FLM] [🟢 ]  NPU Locked!

[10:57:58 PM] [FLM] [info]  Length of audio: 70.688004 seconds

[10:57:58 PM] [FLM] [FLM]  Transforming audio to text...

[10:58:28 PM] [FLM] Audio content:  वो भी मतलब पकरन वो फूर का पॉलि तो यह एक काम के दा कि यह जा सकता है यह तो डूर्ण पर आप अपर अपर आप यह जाए तो डूर्ण पर आप अपर आप आप आप आप आप आप आप आप आप आप आप आप आप आप आप आप आप आप आप आप आप आप आप आप आप आप आप आप आप आप आप आप आप आप आप आप आप आप आप आप आप आप आप आप आप आप आप आप आप आप आप आप आप आप आप आप आप आप आप आप आप आप आप आप आप आप आप आप आप आप आप आप आप आप आप आप आप आप आप[🔴 ]  Client disconnected; cancelling active request

[10:58:31 PM] [ERROR] invalid utf-8 sequence of 2 bytes from index 71
[10:58:31 PM] [FLM] [TCP]  Read 573182 bytes from socket

[10:58:31 PM] [FLM] ================================================

[10:58:31 PM] [FLM] [⬇️ ]  Incoming Request: POST

[10:58:31 PM] [FLM] [LOG]  Time stamp: 22:58:31 09:02:2026

[10:58:31 PM] [FLM] [LOG]  Target: /v1/audio/transcriptions

[10:58:31 PM] [FLM] [LOG]  Version: 11

[10:58:31 PM] [FLM] [LOG]  Keep-Alive: 1

[10:58:31 PM] [FLM] [🕒 ]  NPU busy, request queued (1/10): POST /v1/audio/transcriptions

[10:58:37 PM] [FLM]  तो इससे क्या होगा तो इससे क्या होगा तो इससे होगा तो

[10:58:37 PM] [FLM] [🟡 ]  Dequeuing NPU request (0 remaining)...

[10:58:37 PM] [FLM] ================================================

[10:58:37 PM] [FLM] [🔒 ]  TCP connection closed - Remote: 127.0.0.1:60440

[10:58:37 PM] [FLM] [info]  Length of audio: 17.888000 seconds

[10:58:37 PM] [FLM] [FLM]  Transforming audio to text...

[10:58:43 PM] [FLM] Audio content:  But if we have the least cost in the tower, we can have many customs and based on what we can easily do. The first philosophy was that tower should be minimal and should have least maintenance also. It should be rigid. That's a very good point.

[10:58:43 PM] [FLM] [🔵 ]  NPU Lock Released!

[10:58:43 PM] [FLM] ================================================

[10:58:43 PM] [FLM] [🔒 ]  TCP connection closed - Remote: 127.0.0.1:60442

[10:58:46 PM] [FLM] [🔗 ]  TCP connection established - Remote: 127.0.0.1:57127

[10:58:46 PM] [FLM] [TCP]  Read 84733 bytes from socket

[10:58:46 PM] [FLM] ================================================

[10:58:46 PM] [FLM] [⬇️ ]  Incoming Request: POST

[10:58:46 PM] [FLM] [LOG]  Time stamp: 22:58:46 09:02:2026

[10:58:46 PM] [FLM] [LOG]  Target: /v1/audio/transcriptions

[10:58:46 PM] [FLM] [LOG]  Version: 11

[10:58:46 PM] [FLM] [LOG]  Keep-Alive: 1

[10:58:46 PM] [FLM] [🟢 ]  NPU Locked!

[10:58:46 PM] [FLM] [info]  Length of audio: 2.624000 seconds

[10:58:46 PM] [FLM] [FLM]  Transforming audio to text...

[10:58:50 PM] [FLM] Audio content:  Досрочай, где-то такие...

[10:58:50 PM] [FLM] [🔵 ]  NPU Lock Released!

[10:58:50 PM] [FLM] ================================================

[10:58:50 PM] [FLM] [🔒 ]  TCP connection closed - Remote: 127.0.0.1:57127

[10:58:52 PM] [FLM] [🔗 ]  TCP connection established - Remote: 127.0.0.1:57129

[10:58:52 PM] [FLM] [TCP]  Read 164606 bytes from socket

[10:58:52 PM] [FLM] ================================================

[10:58:52 PM] [FLM] [⬇️ ]  Incoming Request: POST

[10:58:52 PM] [FLM] [LOG]  Time stamp: 22:58:52 09:02:2026

[10:58:52 PM] [FLM] [LOG]  Target: /v1/audio/transcriptions

[10:58:52 PM] [FLM] [LOG]  Version: 11

[10:58:52 PM] [FLM] [LOG]  Keep-Alive: 1

[10:58:52 PM] [FLM] [🟢 ]  NPU Locked!

[10:58:52 PM] [FLM] [info]  Length of audio: 5.120000 seconds

[10:58:52 PM] [FLM] [FLM]  Transforming audio to text...

[10:58:57 PM] [FLM] Audio content:  दूसरी थी थी कि ह

[10:58:57 PM] [FLM] [🔵 ]  NPU Lock Released!

[10:58:57 PM] [FLM] ================================================

[10:58:57 PM] [FLM] [🔒 ]  TCP connection closed - Remote: 127.0.0.1:57129

[10:59:00 PM] [FLM] [🔗 ]  TCP connection established - Remote: 127.0.0.1:57133

[10:59:00 PM] [FLM] [TCP]  Read 688894 bytes from socket

[10:59:00 PM] [FLM] ================================================

[10:59:00 PM] [FLM] [⬇️ ]  Incoming Request: POST

[10:59:00 PM] [FLM] [LOG]  Time stamp: 22:59:00 09:02:2026

[10:59:00 PM] [FLM] [LOG]  Target: /v1/audio/transcriptions

[10:59:00 PM] [FLM] [LOG]  Version: 11

[10:59:00 PM] [FLM] [LOG]  Keep-Alive: 1

[10:59:00 PM] [FLM] [🟢 ]  NPU Locked!

[10:59:00 PM] [FLM] [info]  Length of audio: 21.504000 seconds

[10:59:00 PM] [FLM] [FLM]  Transforming audio to text...

[10:59:09 PM] [FLM] Audio content:  अगर दो ने आज आए अगे अगर अगर अगर अगर अगर वह एक पार रह तो वह एक पार रह तो आए

[10:59:09 PM] [FLM] [🔵 ]  NPU Lock Released!

[10:59:09 PM] [FLM] ================================================

[10:59:09 PM] [FLM] [🔒 ]  TCP connection closed - Remote: 127.0.0.1:57133

[10:59:11 PM] [FLM] [🔗 ]  TCP connection established - Remote: 127.0.0.1:57140

[10:59:11 PM] [FLM] [TCP]  Read 130814 bytes from socket

[10:59:11 PM] [FLM] ================================================

[10:59:11 PM] [FLM] [⬇️ ]  Incoming Request: POST

[10:59:11 PM] [FLM] [LOG]  Time stamp: 22:59:11 09:02:2026

[10:59:11 PM] [FLM] [LOG]  Target: /v1/audio/transcriptions

[10:59:11 PM] [FLM] [LOG]  Version: 11

[10:59:11 PM] [FLM] [LOG]  Keep-Alive: 1

[10:59:11 PM] [FLM] [🟢 ]  NPU Locked!

[10:59:11 PM] [FLM] [info]  Length of audio: 4.064000 seconds

[10:59:11 PM] [FLM] [FLM]  Transforming audio to text...

[10:59:18 PM] [FLM] Audio content:  तो इस पाइडर के होगा वो एक बॉक जैसा ही एक जाएवा

[10:59:18 PM] [FLM] [🔵 ]  NPU Lock Released!

[10:59:18 PM] [FLM] ================================================

[10:59:18 PM] [FLM] [🔒 ]  TCP connection closed - Remote: 127.0.0.1:57140

[10:59:21 PM] [FLM] [🔗 ]  TCP connection established - Remote: 127.0.0.1:57142

[10:59:21 PM] [FLM] [TCP]  Read 878334 bytes from socket

[10:59:21 PM] [FLM] ================================================

[10:59:21 PM] [FLM] [⬇️ ]  Incoming Request: POST

[10:59:21 PM] [FLM] [LOG]  Time stamp: 22:59:21 09:02:2026

[10:59:21 PM] [FLM] [LOG]  Target: /v1/audio/transcriptions

[10:59:21 PM] [FLM] [LOG]  Version: 11

[10:59:21 PM] [FLM] [LOG]  Keep-Alive: 1

[10:59:21 PM] [FLM] [🟢 ]  NPU Locked!

[10:59:21 PM] [FLM] [info]  Length of audio: 27.424000 seconds

[10:59:21 PM] [FLM] [FLM]  Transforming audio to text...

[10:59:49 PM] [FLM] Audio content:  अग्या वा वा वा वा वा वा वा वा वा वा वा वा वा वा वा वा वा वा वा वा व वा वा वा व वा व व व व व व व व व व व व व व व व व व व व व व व व व व व व व व व व व व व व व व व व व व व व व व व व व व व व व व व व व व व व व व व व व व व व व व व व व व व व व व व व व व व व व व व व व व व व व व व व व व व व व व व व व व व व व व व व व व व व व व व व व व व व व व व व व व व व व व व व व व व व व व व व व व व व व व व व व व व व व व व व व व व व व व व व व व व व व व व व व

[10:59:49 PM] [FLM] [🔵 ]  NPU Lock Released!

[10:59:49 PM] [FLM] ================================================

[10:59:49 PM] [FLM] [🔒 ]  TCP connection closed - Remote: 127.0.0.1:57142

[10:59:51 PM] [FLM] [🔗 ]  TCP connection established - Remote: 127.0.0.1:57233

[10:59:51 PM] [FLM] [TCP]  Read 315134 bytes from socket

[10:59:51 PM] [FLM] ================================================

[10:59:51 PM] [FLM] [⬇️ ]  Incoming Request: POST

[10:59:51 PM] [FLM] [LOG]  Time stamp: 22:59:51 09:02:2026

[10:59:51 PM] [FLM] [LOG]  Target: /v1/audio/transcriptions

[10:59:51 PM] [FLM] [LOG]  Version: 11

[10:59:51 PM] [FLM] [LOG]  Keep-Alive: 1

[10:59:51 PM] [FLM] [🟢 ]  NPU Locked!

[10:59:51 PM] [FLM] [info]  Length of audio: 9.824000 seconds

[10:59:51 PM] [FLM] [FLM]  Transforming audio to text...

[11:00:07 PM] [FLM] Audio content:  पूले शेयर यह पर यह पर मैंने भी ने लोडा है लेट थे शीमन पिन कर देया तो इसकी वीडियो तो एड्मिन ना? यह तो वाइड बो डिसेबल कर देगो जर्शेयर के लिया पिन ना? यह तो वाइड बो देसेबल कर देगो जर्शेयर के लिया पिन

[11:00:07 PM] [FLM] [🔵 ]  NPU Lock Released!

[11:00:07 PM] [FLM] ================================================

[11:00:07 PM] [FLM] [🔒 ]  TCP connection closed - Remote: 127.0.0.1:57233

[11:00:09 PM] [FLM] [🔗 ]  TCP connection established - Remote: 127.0.0.1:57235

[11:00:09 PM] [FLM] [TCP]  Read 94973 bytes from socket

[11:00:09 PM] [FLM] ================================================

[11:00:09 PM] [FLM] [⬇️ ]  Incoming Request: POST

[11:00:09 PM] [FLM] [LOG]  Time stamp: 23:00:09 09:02:2026

[11:00:09 PM] [FLM] [LOG]  Target: /v1/audio/transcriptions

[11:00:09 PM] [FLM] [LOG]  Version: 11

[11:00:09 PM] [FLM] [LOG]  Keep-Alive: 1

[11:00:09 PM] [FLM] [🟢 ]  NPU Locked!

[11:00:09 PM] [FLM] [info]  Length of audio: 2.944000 seconds

[11:00:09 PM] [FLM] [FLM]  Transforming audio to text...

[11:00:16 PM] [FLM] Audio content:  ना एक वाइड वो को डिसेबल करता हुर रूप चाहिए हाँ

[11:00:16 PM] [FLM] [🔵 ]  NPU Lock Released!

[11:00:16 PM] [FLM] ================================================

[11:00:16 PM] [FLM] [🔒 ]  TCP connection closed - Remote: 127.0.0.1:57235

[11:00:18 PM] [FLM] [🔗 ]  TCP connection established - Remote: 127.0.0.1:57249

[11:00:18 PM] [FLM] [TCP]  Read 39677 bytes from socket

[11:00:18 PM] [FLM] ================================================

[11:00:18 PM] [FLM] [⬇️ ]  Incoming Request: POST

[11:00:18 PM] [FLM] [LOG]  Time stamp: 23:00:18 09:02:2026

[11:00:18 PM] [FLM] [LOG]  Target: /v1/audio/transcriptions

[11:00:18 PM] [FLM] [LOG]  Version: 11

[11:00:18 PM] [FLM] [LOG]  Keep-Alive: 1

[11:00:18 PM] [FLM] [🟢 ]  NPU Locked!

[11:00:18 PM] [FLM] [info]  Length of audio: 1.216000 seconds

[11:00:18 PM] [FLM] [FLM]  Transforming audio to text...

[11:00:23 PM] [FLM] Audio content:  Thank you.

[11:00:23 PM] [FLM] [🔵 ]  NPU Lock Released!

[11:00:23 PM] [FLM] ================================================

[11:00:23 PM] [FLM] [🔒 ]  TCP connection closed - Remote: 127.0.0.1:57249

[11:00:25 PM] [FLM] [🔗 ]  TCP connection established - Remote: 127.0.0.1:57251

[11:00:25 PM] [FLM] [TCP]  Read 42749 bytes from socket

[11:00:25 PM] [FLM] ================================================

[11:00:25 PM] [FLM] [⬇️ ]  Incoming Request: POST

[11:00:25 PM] [FLM] [LOG]  Time stamp: 23:00:25 09:02:2026

[11:00:25 PM] [FLM] [LOG]  Target: /v1/audio/transcriptions

[11:00:25 PM] [FLM] [LOG]  Version: 11

[11:00:25 PM] [FLM] [LOG]  Keep-Alive: 1

[11:00:25 PM] [FLM] [🟢 ]  NPU Locked!

[11:00:25 PM] [FLM] [info]  Length of audio: 1.312000 seconds

[11:00:25 PM] [FLM] [FLM]  Transforming audio to text...

[11:00:29 PM] [FLM] Audio content:  Thank you.

[11:00:29 PM] [FLM] [🔵 ]  NPU Lock Released!

[11:00:29 PM] [FLM] ================================================

[11:00:29 PM] [FLM] [🔒 ]  TCP connection closed - Remote: 127.0.0.1:57251

[11:00:31 PM] [FLM] [🔗 ]  TCP connection established - Remote: 127.0.0.1:57253

[11:00:31 PM] [FLM] [TCP]  Read 66301 bytes from socket

[11:00:31 PM] [FLM] ================================================

[11:00:31 PM] [FLM] [⬇️ ]  Incoming Request: POST

[11:00:31 PM] [FLM] [LOG]  Time stamp: 23:00:31 09:02:2026

[11:00:31 PM] [FLM] [LOG]  Target: /v1/audio/transcriptions

[11:00:31 PM] [FLM] [LOG]  Version: 11

[11:00:31 PM] [FLM] [LOG]  Keep-Alive: 1

[11:00:31 PM] [FLM] [🟢 ]  NPU Locked!

[11:00:31 PM] [FLM] [info]  Length of audio: 2.048000 seconds

[11:00:31 PM] [FLM] [FLM]  Transforming audio to text...

[11:00:35 PM] [FLM] Audio content:  Rishi Presidente Gara.

[11:00:35 PM] [FLM] [🔵 ]  NPU Lock Released!

[11:00:35 PM] [FLM] ================================================

[11:00:35 PM] [FLM] [🔒 ]  TCP connection closed - Remote: 127.0.0.1:57253

[11:00:38 PM] [FLM] [🔗 ]  TCP connection established - Remote: 127.0.0.1:57255

[11:00:38 PM] [FLM] [TCP]  Read 481022 bytes from socket

[11:00:38 PM] [FLM] ================================================

[11:00:38 PM] [FLM] [⬇️ ]  Incoming Request: POST

[11:00:38 PM] [FLM] [LOG]  Time stamp: 23:00:38 09:02:2026

[11:00:38 PM] [FLM] [LOG]  Target: /v1/audio/transcriptions

[11:00:38 PM] [FLM] [LOG]  Version: 11

[11:00:38 PM] [FLM] [LOG]  Keep-Alive: 1

[11:00:38 PM] [FLM] [🟢 ]  NPU Locked!

[11:00:38 PM] [FLM] [info]  Length of audio: 15.008000 seconds

[11:00:38 PM] [FLM] [FLM]  Transforming audio to text...

[11:00:44 PM] [FLM] Audio content:  एक से लुट आए एक से लुट आए एक स

[11:00:44 PM] [FLM] [🔵 ]  NPU Lock Released!

[11:00:44 PM] [FLM] ================================================

[11:00:44 PM] [FLM] [🔒 ]  TCP connection closed - Remote: 127.0.0.1:57255

[11:00:46 PM] [FLM] [🔗 ]  TCP connection established - Remote: 127.0.0.1:57257

[11:00:46 PM] [FLM] [TCP]  Read 278270 bytes from socket

[11:00:46 PM] [FLM] ================================================

[11:00:46 PM] [FLM] [⬇️ ]  Incoming Request: POST

[11:00:46 PM] [FLM] [LOG]  Time stamp: 23:00:46 09:02:2026

[11:00:46 PM] [FLM] [LOG]  Target: /v1/audio/transcriptions

[11:00:46 PM] [FLM] [LOG]  Version: 11

[11:00:46 PM] [FLM] [LOG]  Keep-Alive: 1

[11:00:46 PM] [FLM] [🟢 ]  NPU Locked!

[11:00:46 PM] [FLM] [info]  Length of audio: 8.672000 seconds

[11:00:46 PM] [FLM] [FLM]  Transforming audio to text...

[11:00:51 PM] [FLM] Audio content:  I can see it. You can see it.

[11:00:51 PM] [FLM] [🔵 ]  NPU Lock Released!

[11:00:51 PM] [FLM] ================================================

[11:00:51 PM] [FLM] [🔒 ]  TCP connection closed - Remote: 127.0.0.1:57257

[11:00:53 PM] [FLM] [🔗 ]  TCP connection established - Remote: 127.0.0.1:57259

[11:00:53 PM] [FLM] [TCP]  Read 97021 bytes from socket

[11:00:53 PM] [FLM] ================================================

[11:00:53 PM] [FLM] [⬇️ ]  Incoming Request: POST

[11:00:53 PM] [FLM] [LOG]  Time stamp: 23:00:53 09:02:2026

[11:00:53 PM] [FLM] [LOG]  Target: /v1/audio/transcriptions

[11:00:53 PM] [FLM] [LOG]  Version: 11

[11:00:53 PM] [FLM] [LOG]  Keep-Alive: 1

[11:00:53 PM] [FLM] [🟢 ]  NPU Locked!

[11:00:53 PM] [FLM] [info]  Length of audio: 3.008000 seconds

[11:00:53 PM] [FLM] [FLM]  Transforming audio to text...

[11:00:58 PM] [FLM] Audio content:  - Thanks, Amish. - Are you good? - Hello. - Hello. - Hello.

[11:00:58 PM] [FLM] [🔵 ]  NPU Lock Released!

[11:00:58 PM] [FLM] ================================================

[11:00:58 PM] [FLM] [🔒 ]  TCP connection closed - Remote: 127.0.0.1:57259

[11:01:00 PM] [FLM] [🔗 ]  TCP connection established - Remote: 127.0.0.1:57261

[11:01:00 PM] [FLM] [TCP]  Read 50941 bytes from socket

[11:01:00 PM] [FLM] ================================================

[11:01:00 PM] [FLM] [⬇️ ]  Incoming Request: POST

[11:01:00 PM] [FLM] [LOG]  Time stamp: 23:01:00 09:02:2026

[11:01:00 PM] [FLM] [LOG]  Target: /v1/audio/transcriptions

[11:01:00 PM] [FLM] [LOG]  Version: 11

[11:01:00 PM] [FLM] [LOG]  Keep-Alive: 1

[11:01:00 PM] [FLM] [🟢 ]  NPU Locked!

[11:01:00 PM] [FLM] [info]  Length of audio: 1.568000 seconds

[11:01:00 PM] [FLM] [FLM]  Transforming audio to text...

[11:01:04 PM] [FLM] Audio content:  Oh.

[11:01:04 PM] [FLM] [🔵 ]  NPU Lock Released!

[11:01:04 PM] [FLM] ================================================

[11:01:04 PM] [FLM] [🔒 ]  TCP connection closed - Remote: 127.0.0.1:57261

[11:01:06 PM] [FLM] [🔗 ]  TCP connection established - Remote: 127.0.0.1:57263

[11:01:07 PM] [FLM] [TCP]  Read 187134 bytes from socket

[11:01:07 PM] [FLM] ================================================

[11:01:07 PM] [FLM] [⬇️ ]  Incoming Request: POST

[11:01:07 PM] [FLM] [LOG]  Time stamp: 23:01:06 09:02:2026

[11:01:07 PM] [FLM] [LOG]  Target: /v1/audio/transcriptions

[11:01:07 PM] [FLM] [LOG]  Version: 11

[11:01:07 PM] [FLM] [LOG]  Keep-Alive: 1

[11:01:07 PM] [FLM] [🟢 ]  NPU Locked!

[11:01:07 PM] [FLM] [info]  Length of audio: 5.824000 seconds

[11:01:07 PM] [FLM] [FLM]  Transforming audio to text...

[11:01:10 PM] [FLM] Audio content:  so nice

[11:01:10 PM] [FLM] [🔵 ]  NPU Lock Released!

[11:01:10 PM] [FLM] ================================================

[11:01:10 PM] [FLM] [🔒 ]  TCP connection closed - Remote: 127.0.0.1:57263

[11:01:13 PM] [FLM] [🔗 ]  TCP connection established - Remote: 127.0.0.1:57265

[11:01:13 PM] [FLM] [TCP]  Read 76541 bytes from socket

[11:01:13 PM] [FLM] ================================================

[11:01:13 PM] [FLM] [⬇️ ]  Incoming Request: POST

[11:01:13 PM] [FLM] [LOG]  Time stamp: 23:01:13 09:02:2026

[11:01:13 PM] [FLM] [LOG]  Target: /v1/audio/transcriptions

[11:01:13 PM] [FLM] [LOG]  Version: 11

[11:01:13 PM] [FLM] [LOG]  Keep-Alive: 1

[11:01:13 PM] [FLM] [🟢 ]  NPU Locked!

[11:01:13 PM] [FLM] [info]  Length of audio: 2.368000 seconds

[11:01:13 PM] [FLM] [FLM]  Transforming audio to text...

[11:01:17 PM] [FLM] Audio content:  - Sigue. - Ah.

[11:01:17 PM] [FLM] [🔵 ]  NPU Lock Released!

[11:01:17 PM] [FLM] ================================================

[11:01:17 PM] [FLM] [🔒 ]  TCP connection closed - Remote: 127.0.0.1:57265

[11:01:19 PM] [FLM] [🔗 ]  TCP connection established - Remote: 127.0.0.1:57283

[11:01:20 PM] [FLM] [TCP]  Read 321278 bytes from socket

[11:01:20 PM] [FLM] ================================================

[11:01:20 PM] [FLM] [⬇️ ]  Incoming Request: POST

[11:01:20 PM] [FLM] [LOG]  Time stamp: 23:01:19 09:02:2026

[11:01:20 PM] [FLM] [LOG]  Target: /v1/audio/transcriptions

[11:01:20 PM] [FLM] [LOG]  Version: 11

[11:01:20 PM] [FLM] [LOG]  Keep-Alive: 1

[11:01:20 PM] [FLM] [🟢 ]  NPU Locked!

[11:01:20 PM] [FLM] [info]  Length of audio: 10.016000 seconds

[11:01:20 PM] [FLM] [FLM]  Transforming audio to text...

[11:01:26 PM] [FLM] Audio content:  तो इसको हमने एक् निशीक, are you able to see this? हाँ, आभी आभी दि

[11:01:26 PM] [FLM] [🔵 ]  NPU Lock Released!

[11:01:26 PM] [FLM] ================================================

[11:01:26 PM] [FLM] [🔒 ]  TCP connection closed - Remote: 127.0.0.1:57283

[11:01:28 PM] [FLM] [🔗 ]  TCP connection established - Remote: 127.0.0.1:57285

[11:01:28 PM] [FLM] [TCP]  Read 104190 bytes from socket

[11:01:28 PM] [FLM] ================================================

[11:01:28 PM] [FLM] [⬇️ ]  Incoming Request: POST

[11:01:28 PM] [FLM] [LOG]  Time stamp: 23:01:28 09:02:2026

[11:01:28 PM] [FLM] [LOG]  Target: /v1/audio/transcriptions

[11:01:28 PM] [FLM] [LOG]  Version: 11

[11:01:28 PM] [FLM] [LOG]  Keep-Alive: 1

[11:01:28 PM] [FLM] [🟢 ]  NPU Locked!

[11:01:28 PM] [FLM] [info]  Length of audio: 3.232000 seconds

[11:01:28 PM] [FLM] [FLM]  Transforming audio to text...

[11:01:33 PM] [FLM] Audio content:  देखरा होगा उसक करते हैं

[11:01:33 PM] [FLM] [🔵 ]  NPU Lock Released!

[11:01:33 PM] [FLM] ================================================

[11:01:33 PM] [FLM] [🔒 ]  TCP connection closed - Remote: 127.0.0.1:57285

[11:01:36 PM] [FLM] [🔗 ]  TCP connection established - Remote: 127.0.0.1:57287

[11:01:36 PM] [FLM] [TCP]  Read 477950 bytes from socket

[11:01:36 PM] [FLM] ================================================

[11:01:36 PM] [FLM] [⬇️ ]  Incoming Request: POST

[11:01:36 PM] [FLM] [LOG]  Time stamp: 23:01:36 09:02:2026

[11:01:36 PM] [FLM] [LOG]  Target: /v1/audio/transcriptions

[11:01:36 PM] [FLM] [LOG]  Version: 11

[11:01:36 PM] [FLM] [LOG]  Keep-Alive: 1

[11:01:36 PM] [FLM] [🟢 ]  NPU Locked!

[11:01:36 PM] [FLM] [info]  Length of audio: 14.912000 seconds

[11:01:36 PM] [FLM] [FLM]  Transforming audio to text...

[11:01:48 PM] [FLM] Audio content:  तो इसमें क्या था इस पे टोटल हम एक साइट चार वह वी से दूसर से घुआ ऐस दूसर चार गेर्स और यह क्या होगा यह जब डून इसको आप नॉर बॉक्स लेके आएगा

[11:01:48 PM] [FLM] [🔵 ]  NPU Lock Released!

[11:01:48 PM] [FLM] ================================================

[11:01:48 PM] [FLM] [🔒 ]  TCP connection closed - Remote: 127.0.0.1:57287

[11:01:54 PM] [FLM] [🔗 ]  TCP connection established - Remote: 127.0.0.1:57306

[11:01:54 PM] [FLM] [TCP]  Read 1671935 bytes from socket

[11:01:54 PM] [FLM] ================================================

[11:01:54 PM] [FLM] [⬇️ ]  Incoming Request: POST

[11:01:54 PM] [FLM] [LOG]  Time stamp: 23:01:54 09:02:2026

[11:01:54 PM] [FLM] [LOG]  Target: /v1/audio/transcriptions

[11:01:54 PM] [FLM] [LOG]  Version: 11

[11:01:54 PM] [FLM] [LOG]  Keep-Alive: 1

[11:01:54 PM] [FLM] [🟢 ]  NPU Locked!

[11:01:54 PM] [FLM] [info]  Length of audio: 52.223999 seconds

[11:01:54 PM] [FLM] [FLM]  Transforming audio to text...

[11:02:06 PM] [FLM] Audio content:  तो इसको तावर मे तो इस तरह बॉक् अब ना इस पाइडर ने चला आया और ने

[11:02:06 PM] [FLM] [🔵 ]  NPU Lock Released!

[11:02:06 PM] [FLM] ================================================

[11:02:06 PM] [FLM] [🔒 ]  TCP connection closed - Remote: 127.0.0.1:57306

[11:02:08 PM] [FLM] [🔗 ]  TCP connection established - Remote: 127.0.0.1:57320

[11:02:08 PM] [FLM] [TCP]  Read 241406 bytes from socket

[11:02:08 PM] [FLM] ================================================

[11:02:08 PM] [FLM] [⬇️ ]  Incoming Request: POST

[11:02:08 PM] [FLM] [LOG]  Time stamp: 23:02:08 09:02:2026

[11:02:08 PM] [FLM] [LOG]  Target: /v1/audio/transcriptions

[11:02:08 PM] [FLM] [LOG]  Version: 11

[11:02:08 PM] [FLM] [LOG]  Keep-Alive: 1

[11:02:08 PM] [FLM] [🟢 ]  NPU Locked!

[11:02:08 PM] [FLM] [info]  Length of audio: 7.520000 seconds

[11:02:08 PM] [FLM] [FLM]  Transforming audio to text...

[11:02:16 PM] [FLM] Audio content:  और यह खुदी पह पास में मेंटेन भी होगा और इस तो यह यह खराब हो गया दे

[11:02:16 PM] [FLM] [🔵 ]  NPU Lock Released!

[11:02:16 PM] [FLM] ================================================

[11:02:16 PM] [FLM] [🔒 ]  TCP connection closed - Remote: 127.0.0.1:57320

[11:02:19 PM] [FLM] [🔗 ]  TCP connection established - Remote: 127.0.0.1:57345

[11:02:19 PM] [FLM] [TCP]  Read 586494 bytes from socket

[11:02:19 PM] [FLM] ================================================

[11:02:19 PM] [FLM] [⬇️ ]  Incoming Request: POST

[11:02:19 PM] [FLM] [LOG]  Time stamp: 23:02:19 09:02:2026

[11:02:19 PM] [FLM] [LOG]  Target: /v1/audio/transcriptions

[11:02:19 PM] [FLM] [LOG]  Version: 11

[11:02:19 PM] [FLM] [LOG]  Keep-Alive: 1

[11:02:19 PM] [FLM] [🟢 ]  NPU Locked!

[11:02:19 PM] [FLM] [info]  Length of audio: 18.304001 seconds

[11:02:19 PM] [FLM] [FLM]  Transforming audio to text...

[11:02:25 PM] [FLM] Audio content:  तो क्या कर सकते हैं खराब हो तो फो जा

[11:02:25 PM] [FLM] [🔵 ]  NPU Lock Released!

[11:02:25 PM] [FLM] ================================================

[11:02:25 PM] [FLM] [🔒 ]  TCP connection closed - Remote: 127.0.0.1:57345

[11:02:36 PM] [FLM] [🔗 ]  TCP connection established - Remote: 127.0.0.1:64043

[11:02:37 PM] [FLM] [TCP]  Read 1021695 bytes from socket

[11:02:37 PM] [FLM] ================================================

[11:02:37 PM] [FLM] [⬇️ ]  Incoming Request: POST

[11:02:37 PM] [FLM] [LOG]  Time stamp: 23:02:37 09:02:2026

[11:02:37 PM] [FLM] [LOG]  Target: /v1/audio/transcriptions

[11:02:37 PM] [FLM] [LOG]  Version: 11

[11:02:37 PM] [FLM] [LOG]  Keep-Alive: 1

[11:02:37 PM] [FLM] [🟢 ]  NPU Locked!

[11:02:37 PM] [FLM] [info]  Length of audio: 31.903999 seconds

[11:02:37 PM] [FLM] [FLM]  Transforming audio to text...

[11:02:54 PM] [FLM] Audio content:  पर्टिकुलर ले क पर्टिकुलर कोई स लेकिन पर पर पर पर पर पर पर पर पर पर पर पर पर पर पर पर पर पर पर पर पर पर पर पर पर पर पर पर पर पर पर पर पर पर पर पर पर पर पर परとは、私はそれを私のために、私のために

[11:02:54 PM] [FLM] [🔵 ]  NPU Lock Released!

[11:02:54 PM] [FLM] ================================================

[11:02:54 PM] [FLM] [🔒 ]  TCP connection closed - Remote: 127.0.0.1:64043

[11:04:08 PM] [FLM] [🔗 ]  TCP connection established - Remote: 127.0.0.1:60334

[11:04:08 PM] [FLM] [TCP]  Read 2818815 bytes from socket

[11:04:08 PM] [FLM] ================================================

[11:04:08 PM] [FLM] [⬇️ ]  Incoming Request: POST

[11:04:08 PM] [FLM] [LOG]  Time stamp: 23:04:08 09:02:2026

[11:04:08 PM] [FLM] [LOG]  Target: /v1/audio/transcriptions

[11:04:08 PM] [FLM] [LOG]  Version: 11

[11:04:08 PM] [FLM] [LOG]  Keep-Alive: 1

[11:04:08 PM] [FLM] [🟢 ]  NPU Locked!

[11:04:08 PM] [FLM] [info]  Length of audio: 88.064003 seconds

[11:04:08 PM] [FLM] [FLM]  Transforming audio to text...

[11:04:38 PM] [FLM] Audio content:  तो यह जो पाइडर है अभी जो पाइडर अभी जो पाइडर इसमें मैं कहना चा आप आप आप आप आप आप आप आप आप आप आप आप आप आप आप आप आप आप आप आप आप आप आप आप आप आप आप आप आप आप आप आप आप आप आप आप आप आप आप आप आप आप आप आप आप आप आप आप आप आप आप आप आप आप आप आप आप आप आप आप आप आप आप आप आप आप आप आप आप आप आप आप आप आप आप आप आप आप आप आप आप आप आप आप आप आप आप आप आप आप आप आप आ This spider is used for the piloting. I want to say[🔴 ]  Client disconnected; cancelling active request

[11:04:50 PM] [FLM]  that this is an optimization thing. This is very complex to make. We can do it if everybody agrees, but I think it's an overkill. We can simply use जिए प्लाइट वा तो हमारा तीम का मे नहीं करें कि वह इं

[11:04:50 PM] [FLM] [🔵 ]  NPU Lock Released!

[11:04:50 PM] [FLM] ================================================

[11:04:50 PM] [FLM] [🔒 ]  TCP connection closed - Remote: 127.0.0.1:60334

[11:05:09 PM] [FLM] [🔗 ]  TCP connection established - Remote: 127.0.0.1:60343

[11:05:09 PM] [FLM] [TCP]  Read 2002687 bytes from socket

[11:05:09 PM] [FLM] ================================================

[11:05:09 PM] [FLM] [⬇️ ]  Incoming Request: POST

[11:05:09 PM] [FLM] [LOG]  Time stamp: 23:05:09 09:02:2026

[11:05:09 PM] [FLM] [LOG]  Target: /v1/audio/transcriptions

[11:05:09 PM] [FLM] [LOG]  Version: 11

[11:05:09 PM] [FLM] [LOG]  Keep-Alive: 1

[11:05:09 PM] [FLM] [🟢 ]  NPU Locked!

[11:05:09 PM] [FLM] [info]  Length of audio: 62.560001 seconds

[11:05:09 PM] [FLM] [FLM]  Transforming audio to text...

[11:05:39 PM] [ERROR] invalid utf-8 sequence of 2 bytes from index 717
[11:05:42 PM] [ERROR] invalid utf-8 sequence of 1 bytes from index 0
[11:05:42 PM] [FLM] [TCP]  Read 520958 bytes from socket

[11:05:42 PM] [FLM] ================================================

[11:05:42 PM] [FLM] [⬇️ ]  Incoming Request: POST

[11:05:42 PM] [FLM] [LOG]  Time stamp: 23:05:42 09:02:2026

[11:05:42 PM] [FLM] [LOG]  Target: /v1/audio/transcriptions

[11:05:42 PM] [FLM] [LOG]  Version: 11

[11:05:42 PM] [FLM] [LOG]  Keep-Alive: 1

[11:05:42 PM] [FLM] [🕒 ]  NPU busy, request queued (1/10): POST /v1/audio/transcriptions

[11:05:44 PM] [ERROR] invalid utf-8 sequence of 1 bytes from index 0
[11:05:44 PM] [FLM] [🟡 ]  Dequeuing NPU request (0 remaining)...

[11:05:44 PM] [FLM] ================================================

[11:05:44 PM] [FLM] [🔒 ]  TCP connection closed - Remote: 127.0.0.1:60343

[11:05:44 PM] [FLM] [info]  Length of audio: 16.256001 seconds

[11:05:44 PM] [FLM] [FLM]  Transforming audio to text...

[11:05:52 PM] [FLM] Audio content:  और उसको बोल दिय जो प्रेक्षा उस प्रेक्षा उसके प् प्रेक्षा प्रेक जाके

[11:05:52 PM] [FLM] [🔵 ]  NPU Lock Released!

[11:05:52 PM] [FLM] ================================================

[11:05:52 PM] [FLM] [🔒 ]  TCP connection closed - Remote: 127.0.0.1:60358

[11:05:56 PM] [FLM] [🔗 ]  TCP connection established - Remote: 127.0.0.1:60360

[11:05:56 PM] [FLM] [TCP]  Read 884478 bytes from socket

[11:05:56 PM] [FLM] ================================================

[11:05:56 PM] [FLM] [⬇️ ]  Incoming Request: POST

[11:05:56 PM] [FLM] [LOG]  Time stamp: 23:05:56 09:02:2026

[11:05:56 PM] [FLM] [LOG]  Target: /v1/audio/transcriptions

[11:05:56 PM] [FLM] [LOG]  Version: 11

[11:05:56 PM] [FLM] [LOG]  Keep-Alive: 1

[11:05:56 PM] [FLM] [🟢 ]  NPU Locked!

[11:05:56 PM] [FLM] [info]  Length of audio: 27.615999 seconds

[11:05:56 PM] [FLM] [FLM]  Transforming audio to text...

[11:06:01 PM] [FLM] Audio content:  आसपास की मेडिशि वहाँ पर तुम को

[11:06:01 PM] [FLM] [🔵 ]  NPU Lock Released!

[11:06:01 PM] [FLM] ================================================

[11:06:01 PM] [FLM] [🔒 ]  TCP connection closed - Remote: 127.0.0.1:60360

[11:06:13 PM] [FLM] [🔗 ]  TCP connection established - Remote: 127.0.0.1:60362

[11:06:13 PM] [FLM] [TCP]  Read 712446 bytes from socket

[11:06:13 PM] [FLM] ================================================

[11:06:13 PM] [FLM] [⬇️ ]  Incoming Request: POST

[11:06:13 PM] [FLM] [LOG]  Time stamp: 23:06:13 09:02:2026

[11:06:13 PM] [FLM] [LOG]  Target: /v1/audio/transcriptions

[11:06:13 PM] [FLM] [LOG]  Version: 11

[11:06:13 PM] [FLM] [LOG]  Keep-Alive: 1

[11:06:13 PM] [FLM] [🟢 ]  NPU Locked!

[11:06:13 PM] [FLM] [info]  Length of audio: 22.240000 seconds

[11:06:13 PM] [FLM] [FLM]  Transforming audio to text...

[11:06:17 PM] [FLM] Audio content:  तुम को पीजा खा

[11:06:17 PM] [FLM] [🔵 ]  NPU Lock Released!

[11:06:17 PM] [FLM] ================================================

[11:06:17 PM] [FLM] [🔒 ]  TCP connection closed - Remote: 127.0.0.1:60362

[11:06:19 PM] [FLM] [🔗 ]  TCP connection established - Remote: 127.0.0.1:60388

[11:06:20 PM] [FLM] [TCP]  Read 59133 bytes from socket

[11:06:20 PM] [FLM] ================================================

[11:06:20 PM] [FLM] [⬇️ ]  Incoming Request: POST

[11:06:20 PM] [FLM] [LOG]  Time stamp: 23:06:19 09:02:2026

[11:06:20 PM] [FLM] [LOG]  Target: /v1/audio/transcriptions

[11:06:20 PM] [FLM] [LOG]  Version: 11

[11:06:20 PM] [FLM] [LOG]  Keep-Alive: 1

[11:06:20 PM] [FLM] [🟢 ]  NPU Locked!

[11:06:20 PM] [FLM] [info]  Length of audio: 1.824000 seconds

[11:06:20 PM] [FLM] [FLM]  Transforming audio to text...

[11:06:23 PM] [FLM] Audio content:  Oh.

[11:06:23 PM] [FLM] [🔵 ]  NPU Lock Released!

[11:06:23 PM] [FLM] ================================================

[11:06:23 PM] [FLM] [🔒 ]  TCP connection closed - Remote: 127.0.0.1:60388

[11:06:26 PM] [FLM] [🔗 ]  TCP connection established - Remote: 127.0.0.1:60390

[11:06:26 PM] [FLM] [TCP]  Read 338686 bytes from socket

[11:06:26 PM] [FLM] ================================================

[11:06:26 PM] [FLM] [⬇️ ]  Incoming Request: POST

[11:06:26 PM] [FLM] [LOG]  Time stamp: 23:06:26 09:02:2026

[11:06:26 PM] [FLM] [LOG]  Target: /v1/audio/transcriptions

[11:06:26 PM] [FLM] [LOG]  Version: 11

[11:06:26 PM] [FLM] [LOG]  Keep-Alive: 1

[11:06:26 PM] [FLM] [🟢 ]  NPU Locked!

[11:06:26 PM] [FLM] [info]  Length of audio: 10.560000 seconds

[11:06:26 PM] [FLM] [FLM]  Transforming audio to text...

[11:06:32 PM] [FLM] Audio content:  अब second एक्टीर हो एक तो हम इसको अलाई प्

[11:06:32 PM] [FLM] [🔵 ]  NPU Lock Released!

[11:06:32 PM] [FLM] ================================================

[11:06:32 PM] [FLM] [🔒 ]  TCP connection closed - Remote: 127.0.0.1:60390

[11:06:41 PM] [FLM] [🔗 ]  TCP connection established - Remote: 127.0.0.1:60392

[11:06:41 PM] [FLM] [TCP]  Read 491262 bytes from socket

[11:06:41 PM] [FLM] ================================================

[11:06:41 PM] [FLM] [⬇️ ]  Incoming Request: POST

[11:06:41 PM] [FLM] [LOG]  Time stamp: 23:06:41 09:02:2026

[11:06:41 PM] [FLM] [LOG]  Target: /v1/audio/transcriptions

[11:06:41 PM] [FLM] [LOG]  Version: 11

[11:06:41 PM] [FLM] [LOG]  Keep-Alive: 1

[11:06:41 PM] [FLM] [🟢 ]  NPU Locked!

[11:06:41 PM] [FLM] [info]  Length of audio: 15.328000 seconds

[11:06:41 PM] [FLM] [FLM]  Transforming audio to text...

[11:06:45 PM] [FLM] Audio content:  प्राइब आप अपर

[11:06:45 PM] [FLM] [🔵 ]  NPU Lock Released!

[11:06:45 PM] [FLM] ================================================

[11:06:45 PM] [FLM] [🔒 ]  TCP connection closed - Remote: 127.0.0.1:60392

[11:07:00 PM] [FLM] [🔗 ]  TCP connection established - Remote: 127.0.0.1:60407

[11:07:00 PM] [FLM] [TCP]  Read 602878 bytes from socket

[11:07:00 PM] [FLM] ================================================

[11:07:00 PM] [FLM] [⬇️ ]  Incoming Request: POST

[11:07:00 PM] [FLM] [LOG]  Time stamp: 23:07:00 09:02:2026

[11:07:00 PM] [FLM] [LOG]  Target: /v1/audio/transcriptions

[11:07:00 PM] [FLM] [LOG]  Version: 11

[11:07:00 PM] [FLM] [LOG]  Keep-Alive: 1

[11:07:00 PM] [FLM] [🟢 ]  NPU Locked!

[11:07:00 PM] [FLM] [info]  Length of audio: 18.816000 seconds

[11:07:00 PM] [FLM] [FLM]  Transforming audio to text...

[11:07:05 PM] [FLM] Audio content:  प्राइब करें तो

[11:07:05 PM] [FLM] [🔵 ]  NPU Lock Released!

[11:07:05 PM] [FLM] ================================================

[11:07:05 PM] [FLM] [🔒 ]  TCP connection closed - Remote: 127.0.0.1:60407

[11:07:08 PM] [FLM] [🔗 ]  TCP connection established - Remote: 127.0.0.1:60421

[11:07:08 PM] [FLM] [TCP]  Read 111358 bytes from socket

[11:07:08 PM] [FLM] ================================================

[11:07:08 PM] [FLM] [⬇️ ]  Incoming Request: POST

[11:07:08 PM] [FLM] [LOG]  Time stamp: 23:07:08 09:02:2026

[11:07:08 PM] [FLM] [LOG]  Target: /v1/audio/transcriptions

[11:07:08 PM] [FLM] [LOG]  Version: 11

[11:07:08 PM] [FLM] [LOG]  Keep-Alive: 1

[11:07:08 PM] [FLM] [🟢 ]  NPU Locked!

[11:07:08 PM] [FLM] [info]  Length of audio: 3.456000 seconds

[11:07:08 PM] [FLM] [FLM]  Transforming audio to text...

[11:07:13 PM] [FLM] Audio content:  तो रिशी एक और क प्षाइन है क्या ह

[11:07:13 PM] [FLM] [🔵 ]  NPU Lock Released!

[11:07:13 PM] [FLM] ================================================

[11:07:13 PM] [FLM] [🔒 ]  TCP connection closed - Remote: 127.0.0.1:60421

[11:08:05 PM] [FLM] [🔗 ]  TCP connection established - Remote: 127.0.0.1:62307

[11:08:05 PM] [FLM] [TCP]  Read 1851135 bytes from socket

[11:08:05 PM] [FLM] ================================================

[11:08:05 PM] [FLM] [⬇️ ]  Incoming Request: POST

[11:08:05 PM] [FLM] [LOG]  Time stamp: 23:08:05 09:02:2026

[11:08:05 PM] [FLM] [LOG]  Target: /v1/audio/transcriptions

[11:08:05 PM] [FLM] [LOG]  Version: 11

[11:08:05 PM] [FLM] [LOG]  Keep-Alive: 1

[11:08:05 PM] [FLM] [🟢 ]  NPU Locked!

[11:08:05 PM] [FLM] [info]  Length of audio: 57.824001 seconds

[11:08:05 PM] [FLM] [FLM]  Transforming audio to text...

[11:08:19 PM] [FLM] Audio content:  अब ने ने वेया यह जो है लेक दो जर आज स most of the shop, they can do it in Pondi because they can see their business. If there is a department area, there is a place where we can take a particular place. We can put a document station where there is parcel and multiple parcel can receive, multiple spidels can go in, and we can think about it.

[11:08:19 PM] [FLM] [🔵 ]  NPU Lock Released!

[11:08:19 PM] [FLM] ================================================

[11:08:19 PM] [FLM] [🔒 ]  TCP connection closed - Remote: 127.0.0.1:62307

[11:08:29 PM] [FLM] [🔗 ]  TCP connection established - Remote: 127.0.0.1:62321

[11:08:29 PM] [FLM] [TCP]  Read 794366 bytes from socket

[11:08:29 PM] [FLM] ================================================

[11:08:29 PM] [FLM] [⬇️ ]  Incoming Request: POST

[11:08:29 PM] [FLM] [LOG]  Time stamp: 23:08:29 09:02:2026

[11:08:29 PM] [FLM] [LOG]  Target: /v1/audio/transcriptions

[11:08:29 PM] [FLM] [LOG]  Version: 11

[11:08:29 PM] [FLM] [LOG]  Keep-Alive: 1

[11:08:29 PM] [FLM] [🟢 ]  NPU Locked!

[11:08:29 PM] [FLM] [info]  Length of audio: 24.799999 seconds

[11:08:29 PM] [FLM] [FLM]  Transforming audio to text...

[11:08:35 PM] [FLM] Audio content:  I think it's going towards stage 2. But this is also a very valid point. Multiple spiders are important. And this is the idea of the sales z zipline flawless. This is great. I think that experience is in a

[11:08:35 PM] [FLM] [🔵 ]  NPU Lock Released!

[11:08:35 PM] [FLM] ================================================

[11:08:35 PM] [FLM] [🔒 ]  TCP connection closed - Remote: 127.0.0.1:62321

[11:08:48 PM] [FLM] [🔗 ]  TCP connection established - Remote: 127.0.0.1:60000

[11:08:48 PM] [FLM] [TCP]  Read 632574 bytes from socket

[11:08:48 PM] [FLM] ================================================

[11:08:48 PM] [FLM] [⬇️ ]  Incoming Request: POST

[11:08:48 PM] [FLM] [LOG]  Time stamp: 23:08:48 09:02:2026

[11:08:48 PM] [FLM] [LOG]  Target: /v1/audio/transcriptions

[11:08:48 PM] [FLM] [LOG]  Version: 11

[11:08:48 PM] [FLM] [LOG]  Keep-Alive: 1

[11:08:48 PM] [FLM] [🟢 ]  NPU Locked!

[11:08:48 PM] [FLM] [info]  Length of audio: 19.743999 seconds

[11:08:48 PM] [FLM] [FLM]  Transforming audio to text...

[11:09:00 PM] [FLM] Audio content:  यूजर के लिए लगभख वै तो एक तब है बन जा बहले हम डब जो है बहले हम डब जो है कितना ही सिंप्ली क अगर वैसा एक्सपी प्रोजेक्ट कर जी एक वीडियो प्रो

[11:09:00 PM] [FLM] [🔵 ]  NPU Lock Released!

[11:09:00 PM] [FLM] ================================================

[11:09:00 PM] [FLM] [🔒 ]  TCP connection closed - Remote: 127.0.0.1:60000

[11:09:02 PM] [FLM] [🔗 ]  TCP connection established - Remote: 127.0.0.1:60002

[11:09:03 PM] [FLM] [TCP]  Read 268030 bytes from socket

[11:09:03 PM] [FLM] ================================================

[11:09:03 PM] [FLM] [⬇️ ]  Incoming Request: POST

[11:09:03 PM] [FLM] [LOG]  Time stamp: 23:09:02 09:02:2026

[11:09:03 PM] [FLM] [LOG]  Target: /v1/audio/transcriptions

[11:09:03 PM] [FLM] [LOG]  Version: 11

[11:09:03 PM] [FLM] [LOG]  Keep-Alive: 1

[11:09:03 PM] [FLM] [🟢 ]  NPU Locked!

[11:09:03 PM] [FLM] [info]  Length of audio: 8.352000 seconds

[11:09:03 PM] [FLM] [FLM]  Transforming audio to text...

[11:09:17 PM] [FLM] Audio content:  इंडिया में लोग बह कुछ कर रहे हैं ड् ड्रोन से बहुत सा जीज़ों में कर रह हैं लेकिन पता है स सबसे मेजर हर्डल में को लगता है यह रेगुलेशन सी है जिससे बहुत सारे स्टार्ट अप दवे हो गया है अधिया ह

[11:09:17 PM] [FLM] [🔵 ]  NPU Lock Released!

[11:09:17 PM] [FLM] ================================================

[11:09:17 PM] [FLM] [🔒 ]  TCP connection closed - Remote: 127.0.0.1:60002

[11:09:20 PM] [FLM] [🔗 ]  TCP connection established - Remote: 127.0.0.1:60016

[11:09:20 PM] [FLM] [TCP]  Read 567038 bytes from socket

[11:09:20 PM] [FLM] ================================================

[11:09:20 PM] [FLM] [⬇️ ]  Incoming Request: POST

[11:09:20 PM] [FLM] [LOG]  Time stamp: 23:09:20 09:02:2026

[11:09:20 PM] [FLM] [LOG]  Target: /v1/audio/transcriptions

[11:09:20 PM] [FLM] [LOG]  Version: 11

[11:09:20 PM] [FLM] [LOG]  Keep-Alive: 1

[11:09:20 PM] [FLM] [🟢 ]  NPU Locked!

[11:09:20 PM] [FLM] [info]  Length of audio: 17.695999 seconds

[11:09:20 PM] [FLM] [FLM]  Transforming audio to text...

[11:09:25 PM] [FLM] Audio content:  लेकिन अटनोमस कै

[11:09:25 PM] [FLM] [🔵 ]  NPU Lock Released!

[11:09:25 PM] [FLM] ================================================

[11:09:25 PM] [FLM] [🔒 ]  TCP connection closed - Remote: 127.0.0.1:60016

[11:09:27 PM] [FLM] [🔗 ]  TCP connection established - Remote: 127.0.0.1:60019

[11:09:28 PM] [FLM] [TCP]  Read 346878 bytes from socket

[11:09:28 PM] [FLM] ================================================

[11:09:28 PM] [FLM] [⬇️ ]  Incoming Request: POST

[11:09:28 PM] [FLM] [LOG]  Time stamp: 23:09:27 09:02:2026

[11:09:28 PM] [FLM] [LOG]  Target: /v1/audio/transcriptions

[11:09:28 PM] [FLM] [LOG]  Version: 11

[11:09:28 PM] [FLM] [LOG]  Keep-Alive: 1

[11:09:28 PM] [FLM] [🟢 ]  NPU Locked!

[11:09:28 PM] [FLM] [info]  Length of audio: 10.816000 seconds

[11:09:28 PM] [FLM] [FLM]  Transforming audio to text...

[11:09:40 PM] [FLM] Audio content:  एक बाइड बाइड शे और देशी तु प् प्लीज एक बार वो मेडिस्टिश्टि वाली चीज़ है उस के ना और और क्या क चीज़े डिसकस कि जा सकती है उसको एक बार कवर कर लेते ह

[11:09:40 PM] [FLM] [🔵 ]  NPU Lock Released!

[11:09:40 PM] [FLM] ================================================

[11:09:40 PM] [FLM] [🔒 ]  TCP connection closed - Remote: 127.0.0.1:60019

[11:09:42 PM] [FLM] [🔗 ]  TCP connection established - Remote: 127.0.0.1:60026

[11:09:42 PM] [FLM] [TCP]  Read 85757 bytes from socket

[11:09:42 PM] [FLM] ================================================

[11:09:42 PM] [FLM] [⬇️ ]  Incoming Request: POST

[11:09:42 PM] [FLM] [LOG]  Time stamp: 23:09:42 09:02:2026

[11:09:42 PM] [FLM] [LOG]  Target: /v1/audio/transcriptions

[11:09:42 PM] [FLM] [LOG]  Version: 11

[11:09:42 PM] [FLM] [LOG]  Keep-Alive: 1

[11:09:42 PM] [FLM] [🟢 ]  NPU Locked!

[11:09:42 PM] [FLM] [info]  Length of audio: 2.656000 seconds

[11:09:42 PM] [FLM] [FLM]  Transforming audio to text...

[11:09:47 PM] [FLM] Audio content:  Субтитры создавал DimaTorzok

[11:09:47 PM] [FLM] [🔵 ]  NPU Lock Released!

[11:09:47 PM] [FLM] ================================================

[11:09:47 PM] [FLM] [🔒 ]  TCP connection closed - Remote: 127.0.0.1:60026

[11:09:49 PM] [FLM] [🔗 ]  TCP connection established - Remote: 127.0.0.1:64287

[11:09:49 PM] [FLM] [TCP]  Read 102142 bytes from socket

[11:09:49 PM] [FLM] ================================================

[11:09:49 PM] [FLM] [⬇️ ]  Incoming Request: POST

[11:09:49 PM] [FLM] [LOG]  Time stamp: 23:09:49 09:02:2026

[11:09:49 PM] [FLM] [LOG]  Target: /v1/audio/transcriptions

[11:09:49 PM] [FLM] [LOG]  Version: 11

[11:09:49 PM] [FLM] [LOG]  Keep-Alive: 1

[11:09:49 PM] [FLM] [🟢 ]  NPU Locked!

[11:09:49 PM] [FLM] [info]  Length of audio: 3.168000 seconds

[11:09:49 PM] [FLM] [FLM]  Transforming audio to text...

[11:09:54 PM] [FLM] Audio content:  कोई अड़ों ने ह

[11:09:54 PM] [FLM] [🔵 ]  NPU Lock Released!

[11:09:54 PM] [FLM] ================================================

[11:09:54 PM] [FLM] [🔒 ]  TCP connection closed - Remote: 127.0.0.1:64287

[11:09:58 PM] [FLM] [🔗 ]  TCP connection established - Remote: 127.0.0.1:64289

[11:09:58 PM] [FLM] [TCP]  Read 626430 bytes from socket

[11:09:58 PM] [FLM] ================================================

[11:09:58 PM] [FLM] [⬇️ ]  Incoming Request: POST

[11:09:58 PM] [FLM] [LOG]  Time stamp: 23:09:58 09:02:2026

[11:09:58 PM] [FLM] [LOG]  Target: /v1/audio/transcriptions

[11:09:58 PM] [FLM] [LOG]  Version: 11

[11:09:58 PM] [FLM] [LOG]  Keep-Alive: 1

[11:09:58 PM] [FLM] [🟢 ]  NPU Locked!

[11:09:58 PM] [FLM] [info]  Length of audio: 19.552000 seconds

[11:09:58 PM] [FLM] [FLM]  Transforming audio to text...

[11:10:15 PM] [FLM] Audio content:  अरे अडिबल ने क मैं बोल रहा था कि एक बार ये वाइट बो शेयर करेगा शीमन वह अभी वह अभी वह अभी अभी वह अभी वह अभी वह अभी वह अभी वह अभी वह अभी वह अभी वह अभी वह अभी वह अभी वह अभी वह अभी वह अभी वह अभी वह अभी वह अभी वह अभी वह अभी वह

[11:10:15 PM] [FLM] [🔵 ]  NPU Lock Released!

[11:10:15 PM] [FLM] ================================================

[11:10:15 PM] [FLM] [🔒 ]  TCP connection closed - Remote: 127.0.0.1:64289

[11:11:41 PM] [FLM] [🔗 ]  TCP connection established - Remote: 127.0.0.1:64347

[11:11:41 PM] [FLM] [TCP]  Read 3196671 bytes from socket

[11:11:41 PM] [FLM] ================================================

[11:11:41 PM] [FLM] [⬇️ ]  Incoming Request: POST

[11:11:41 PM] [FLM] [LOG]  Time stamp: 23:11:41 09:02:2026

[11:11:41 PM] [FLM] [LOG]  Target: /v1/audio/transcriptions

[11:11:41 PM] [FLM] [LOG]  Version: 11

[11:11:41 PM] [FLM] [LOG]  Keep-Alive: 1

[11:11:41 PM] [FLM] [🟢 ]  NPU Locked!

[11:11:42 PM] [FLM] [info]  Length of audio: 99.872002 seconds

[11:11:42 PM] [FLM] [FLM]  Transforming audio to text...

[11:12:07 PM] [FLM] Audio content:  ठीक है, मैं बस basically like, आमे आदिवूल, ह हाँ, देखो, like, medicine ka like, the only region we are choosing medicine and surgery item, because, आज स this will be there and we will get many like particular boobnish area different medicine brand like particular SNK distributor there will be 100 medicine brand 100 distribution shop and logistic in the sense particularly तो यह वह एक इंस अगर बड़ा डिस तो अगर बड़ा डि तो आरांड फुटी थाजन वह खर्चा कर रहे पर महीना

[11:12:07 PM] [FLM] [🔵 ]  NPU Lock Released!

[11:12:07 PM] [FLM] ================================================

[11:12:07 PM] [FLM] [🔒 ]  TCP connection closed - Remote: 127.0.0.1:64347

[11:13:26 PM] [FLM] [🔗 ]  TCP connection established - Remote: 127.0.0.1:63934

[11:13:26 PM] [FLM] [TCP]  Read 3360511 bytes from socket

[11:13:26 PM] [FLM] ================================================

[11:13:26 PM] [FLM] [⬇️ ]  Incoming Request: POST

[11:13:26 PM] [FLM] [LOG]  Time stamp: 23:13:26 09:02:2026

[11:13:26 PM] [FLM] [LOG]  Target: /v1/audio/transcriptions

[11:13:26 PM] [FLM] [LOG]  Version: 11

[11:13:26 PM] [FLM] [LOG]  Keep-Alive: 1

[11:13:26 PM] [FLM] [🟢 ]  NPU Locked!

[11:13:26 PM] [FLM] [info]  Length of audio: 104.991997 seconds

[11:13:26 PM] [FLM] [FLM]  Transforming audio to text...

[11:13:56 PM] [FLM] Audio content:  तो अगर उसमें भी यह चीज है वह लड़क आज नहीं आया ले लेक्षाम चुट् विदें 30 देज वह वाट वाट वाट वा लेकिन हम उठके जगा अगर तीस अजर या चालीस अजर में कुछ ऐस दे रहे जिसको ना चुट्टी भी दे समर हो जो भी हो कुछ नह हमारा सीमलेश डिल भी हो पेला चीज़ प्रवाइब आप प् तो आपने आप आप आप आप आप आप आप आप आप आप आप आप आप आप आप आप आप आप आप आप आप आप आप आप आप आप आप[🔴 ]  Client disconnected; cancelling active request

[11:14:00 PM] [ERROR] invalid utf-8 sequence of 2 bytes from index 106
[11:14:00 PM] [FLM] [TCP]  Read 568062 bytes from socket

[11:14:00 PM] [FLM] ================================================

[11:14:00 PM] [FLM] [⬇️ ]  Incoming Request: POST

[11:14:00 PM] [FLM] [LOG]  Time stamp: 23:14:00 09:02:2026

[11:14:00 PM] [FLM] [LOG]  Target: /v1/audio/transcriptions

[11:14:00 PM] [FLM] [LOG]  Version: 11

[11:14:00 PM] [FLM] [LOG]  Keep-Alive: 1

[11:14:00 PM] [FLM] [🕒 ]  NPU busy, request queued (1/10): POST /v1/audio/transcriptions

[11:14:20 PM] [ERROR] invalid utf-8 sequence of 1 bytes from index 0
[11:14:20 PM] [FLM] [🟡 ]  Dequeuing NPU request (0 remaining)...

[11:14:20 PM] [FLM] ================================================

[11:14:20 PM] [FLM] [🔒 ]  TCP connection closed - Remote: 127.0.0.1:63934

[11:14:20 PM] [FLM] [info]  Length of audio: 17.728001 seconds

[11:14:20 PM] [FLM] [FLM]  Transforming audio to text...

[11:14:25 PM] [FLM] Audio content:  पहले चीज, दुस

[11:14:25 PM] [FLM] [🔵 ]  NPU Lock Released!

[11:14:25 PM] [FLM] ================================================

[11:14:25 PM] [FLM] [🔒 ]  TCP connection closed - Remote: 127.0.0.1:59032

[11:14:29 PM] [FLM] [🔗 ]  TCP connection established - Remote: 127.0.0.1:49380

[11:14:30 PM] [FLM] [TCP]  Read 1320703 bytes from socket

[11:14:30 PM] [FLM] ================================================

[11:14:30 PM] [FLM] [⬇️ ]  Incoming Request: POST

[11:14:30 PM] [FLM] [LOG]  Time stamp: 23:14:29 09:02:2026

[11:14:30 PM] [FLM] [LOG]  Target: /v1/audio/transcriptions

[11:14:30 PM] [FLM] [LOG]  Version: 11

[11:14:30 PM] [FLM] [LOG]  Keep-Alive: 1

[11:14:30 PM] [FLM] [🟢 ]  NPU Locked!

[11:14:30 PM] [FLM] [info]  Length of audio: 41.248001 seconds

[11:14:30 PM] [FLM] [FLM]  Transforming audio to text...

[11:14:43 PM] [FLM] Audio content:  तो उस से अधिस्ट दुक कि बाते घार तो यह मेडिसिन सौप में अपन सप्लाइए तो यह मेडिसिन की दि दिमांड होती है यह जनरेट होने से

[11:14:43 PM] [FLM] [🔵 ]  NPU Lock Released!

[11:14:43 PM] [FLM] ================================================

[11:14:43 PM] [FLM] [🔒 ]  TCP connection closed - Remote: 127.0.0.1:49380

[11:15:03 PM] [FLM] [🔗 ]  TCP connection established - Remote: 127.0.0.1:49387

[11:15:03 PM] [FLM] [TCP]  Read 1313535 bytes from socket

[11:15:03 PM] [FLM] ================================================

[11:15:03 PM] [FLM] [⬇️ ]  Incoming Request: POST

[11:15:03 PM] [FLM] [LOG]  Time stamp: 23:15:03 09:02:2026

[11:15:03 PM] [FLM] [LOG]  Target: /v1/audio/transcriptions

[11:15:03 PM] [FLM] [LOG]  Version: 11

[11:15:03 PM] [FLM] [LOG]  Keep-Alive: 1

[11:15:03 PM] [FLM] [🟢 ]  NPU Locked!

[11:15:03 PM] [FLM] [info]  Length of audio: 41.023998 seconds

[11:15:03 PM] [FLM] [FLM]  Transforming audio to text...

[11:15:12 PM] [FLM] Audio content:  तो यह वह वह वह वह is

[11:15:12 PM] [FLM] [🔵 ]  NPU Lock Released!

[11:15:12 PM] [FLM] ================================================

[11:15:12 PM] [FLM] [🔒 ]  TCP connection closed - Remote: 127.0.0.1:49387

[11:15:15 PM] [FLM] [🔗 ]  TCP connection established - Remote: 127.0.0.1:49389

[11:15:15 PM] [FLM] [TCP]  Read 399102 bytes from socket

[11:15:15 PM] [FLM] ================================================

[11:15:15 PM] [FLM] [⬇️ ]  Incoming Request: POST

[11:15:15 PM] [FLM] [LOG]  Time stamp: 23:15:15 09:02:2026

[11:15:15 PM] [FLM] [LOG]  Target: /v1/audio/transcriptions

[11:15:15 PM] [FLM] [LOG]  Version: 11

[11:15:15 PM] [FLM] [LOG]  Keep-Alive: 1

[11:15:15 PM] [FLM] [🟢 ]  NPU Locked!

[11:15:15 PM] [FLM] [info]  Length of audio: 12.448000 seconds

[11:15:15 PM] [FLM] [FLM]  Transforming audio to text...

[11:15:21 PM] [FLM] Audio content:  और हमारी वहां से चल बास्पूर में डि

[11:15:21 PM] [FLM] [🔵 ]  NPU Lock Released!

[11:15:21 PM] [FLM] ================================================

[11:15:21 PM] [FLM] [🔒 ]  TCP connection closed - Remote: 127.0.0.1:49389

[11:16:13 PM] [FLM] [🔗 ]  TCP connection established - Remote: 127.0.0.1:49682

[11:16:13 PM] [FLM] [TCP]  Read 1792767 bytes from socket

[11:16:13 PM] [FLM] ================================================

[11:16:13 PM] [FLM] [⬇️ ]  Incoming Request: POST

[11:16:13 PM] [FLM] [LOG]  Time stamp: 23:16:13 09:02:2026

[11:16:13 PM] [FLM] [LOG]  Target: /v1/audio/transcriptions

[11:16:13 PM] [FLM] [LOG]  Version: 11

[11:16:13 PM] [FLM] [LOG]  Keep-Alive: 1

[11:16:13 PM] [FLM] [🟢 ]  NPU Locked!

[11:16:13 PM] [FLM] [info]  Length of audio: 56.000000 seconds

[11:16:13 PM] [FLM] [FLM]  Transforming audio to text...

[11:16:32 PM] [FLM] Audio content:  प्रवाजी आप पा पुर पुर पुर पुर अगर अगर अगर अगर अगर अगर अगर अगर अगर अगर अगर अगर अगर अगर अगर अगर

[11:16:32 PM] [FLM] [🔵 ]  NPU Lock Released!

[11:16:32 PM] [FLM] ================================================

[11:16:32 PM] [FLM] [🔒 ]  TCP connection closed - Remote: 127.0.0.1:49682

[11:16:40 PM] [FLM] [🔗 ]  TCP connection established - Remote: 127.0.0.1:49696

[11:16:40 PM] [FLM] [TCP]  Read 918270 bytes from socket

[11:16:40 PM] [FLM] ================================================

[11:16:40 PM] [FLM] [⬇️ ]  Incoming Request: POST

[11:16:40 PM] [FLM] [LOG]  Time stamp: 23:16:40 09:02:2026

[11:16:40 PM] [FLM] [LOG]  Target: /v1/audio/transcriptions

[11:16:40 PM] [FLM] [LOG]  Version: 11

[11:16:40 PM] [FLM] [LOG]  Keep-Alive: 1

[11:16:40 PM] [FLM] [🟢 ]  NPU Locked!

[11:16:40 PM] [FLM] [info]  Length of audio: 28.672001 seconds

[11:16:40 PM] [FLM] [FLM]  Transforming audio to text...

[11:16:48 PM] [FLM] Audio content:  लाइक वो तीर दा लाइक जर्णी करक लाइक वो तो आप दो

[11:16:48 PM] [FLM] [🔵 ]  NPU Lock Released!

[11:16:48 PM] [FLM] ================================================

[11:16:48 PM] [FLM] [🔒 ]  TCP connection closed - Remote: 127.0.0.1:49696

[11:16:57 PM] [FLM] [🔗 ]  TCP connection established - Remote: 127.0.0.1:49714

[11:16:57 PM] [FLM] [TCP]  Read 566014 bytes from socket

[11:16:57 PM] [FLM] ================================================

[11:16:57 PM] [FLM] [⬇️ ]  Incoming Request: POST

[11:16:57 PM] [FLM] [LOG]  Time stamp: 23:16:57 09:02:2026

[11:16:57 PM] [FLM] [LOG]  Target: /v1/audio/transcriptions

[11:16:57 PM] [FLM] [LOG]  Version: 11

[11:16:57 PM] [FLM] [LOG]  Keep-Alive: 1

[11:16:57 PM] [FLM] [🟢 ]  NPU Locked!

[11:16:57 PM] [FLM] [info]  Length of audio: 17.664000 seconds

[11:16:57 PM] [FLM] [FLM]  Transforming audio to text...

[11:17:06 PM] [FLM] Audio content:  जो की लेक्टूब् लिए वो डिपेंड ने कर सकता है कि मेरे को अग्योर्स से माल आएगा तभी मेडिसीप कर

[11:17:06 PM] [FLM] [🔵 ]  NPU Lock Released!

[11:17:06 PM] [FLM] ================================================

[11:17:06 PM] [FLM] [🔒 ]  TCP connection closed - Remote: 127.0.0.1:49714

[11:17:13 PM] [FLM] [🔗 ]  TCP connection established - Remote: 127.0.0.1:49716

[11:17:13 PM] [FLM] [TCP]  Read 515838 bytes from socket

[11:17:13 PM] [FLM] ================================================

[11:17:13 PM] [FLM] [⬇️ ]  Incoming Request: POST

[11:17:13 PM] [FLM] [LOG]  Time stamp: 23:17:13 09:02:2026

[11:17:13 PM] [FLM] [LOG]  Target: /v1/audio/transcriptions

[11:17:13 PM] [FLM] [LOG]  Version: 11

[11:17:13 PM] [FLM] [LOG]  Keep-Alive: 1

[11:17:13 PM] [FLM] [🟢 ]  NPU Locked!

[11:17:13 PM] [FLM] [info]  Length of audio: 16.096001 seconds

[11:17:13 PM] [FLM] [FLM]  Transforming audio to text...

[11:17:18 PM] [FLM] Audio content:  उसके पास भुबन

[11:17:18 PM] [FLM] [🔵 ]  NPU Lock Released!

[11:17:18 PM] [FLM] ================================================

[11:17:18 PM] [FLM] [🔒 ]  TCP connection closed - Remote: 127.0.0.1:49716

[11:17:37 PM] [FLM] [🔗 ]  TCP connection established - Remote: 127.0.0.1:55174

[11:17:37 PM] [FLM] [TCP]  Read 722686 bytes from socket

[11:17:37 PM] [FLM] ================================================

[11:17:37 PM] [FLM] [⬇️ ]  Incoming Request: POST

[11:17:37 PM] [FLM] [LOG]  Time stamp: 23:17:37 09:02:2026

[11:17:37 PM] [FLM] [LOG]  Target: /v1/audio/transcriptions

[11:17:37 PM] [FLM] [LOG]  Version: 11

[11:17:37 PM] [FLM] [LOG]  Keep-Alive: 1

[11:17:37 PM] [FLM] [🟢 ]  NPU Locked!

[11:17:37 PM] [FLM] [info]  Length of audio: 22.559999 seconds

[11:17:37 PM] [FLM] [FLM]  Transforming audio to text...

[11:18:05 PM] [FLM] Audio content:  प्रटिब्लार ब् प्रटिब्लार प् प्रटिब्लार प् प्रटिब्लार प् प्रटिब्लार प् प्रटिब्लार प् प्रटिब्लार प् प्रटिब्लार प् प्रटिब्लार प् प्रटिब्लार प् प्रटिब्लार प् प्रटिब्लार प् प्रटिब्लार प् प्रटिब्लार प् प्रटिब्लार प् प्रटिब्लार प् प्रटिब्लार प् प्रटिब्लार प् प्रटिब्लार प् प्रटिब्लार प् प्रटिब्लार प् प्रटिब्लार प्

[11:18:05 PM] [FLM] [🔵 ]  NPU Lock Released!

[11:18:05 PM] [FLM] ================================================

[11:18:05 PM] [FLM] [🔒 ]  TCP connection closed - Remote: 127.0.0.1:55174

[11:18:08 PM] [FLM] [🔗 ]  TCP connection established - Remote: 127.0.0.1:51253

[11:18:08 PM] [FLM] [TCP]  Read 543486 bytes from socket

[11:18:08 PM] [FLM] ================================================

[11:18:08 PM] [FLM] [⬇️ ]  Incoming Request: POST

[11:18:08 PM] [FLM] [LOG]  Time stamp: 23:18:08 09:02:2026

[11:18:08 PM] [FLM] [LOG]  Target: /v1/audio/transcriptions

[11:18:08 PM] [FLM] [LOG]  Version: 11

[11:18:08 PM] [FLM] [LOG]  Keep-Alive: 1

[11:18:08 PM] [FLM] [🟢 ]  NPU Locked!

[11:18:08 PM] [FLM] [info]  Length of audio: 16.959999 seconds

[11:18:08 PM] [FLM] [FLM]  Transforming audio to text...

[11:18:14 PM] [FLM] Audio content:  कि मेरा 1500 दुकान है आज 30 दुकान का रि

[11:18:14 PM] [FLM] [🔵 ]  NPU Lock Released!

[11:18:14 PM] [FLM] ================================================

[11:18:14 PM] [FLM] [🔒 ]  TCP connection closed - Remote: 127.0.0.1:51253

[11:18:34 PM] [FLM] [🔗 ]  TCP connection established - Remote: 127.0.0.1:60092

[11:18:34 PM] [FLM] [TCP]  Read 1234687 bytes from socket

[11:18:34 PM] [FLM] ================================================

[11:18:34 PM] [FLM] [⬇️ ]  Incoming Request: POST

[11:18:34 PM] [FLM] [LOG]  Time stamp: 23:18:34 09:02:2026

[11:18:34 PM] [FLM] [LOG]  Target: /v1/audio/transcriptions

[11:18:34 PM] [FLM] [LOG]  Version: 11

[11:18:34 PM] [FLM] [LOG]  Keep-Alive: 1

[11:18:34 PM] [FLM] [🟢 ]  NPU Locked!

[11:18:34 PM] [FLM] [info]  Length of audio: 38.560001 seconds

[11:18:34 PM] [FLM] [FLM]  Transforming audio to text...

[11:19:04 PM] [FLM] Audio content:  अगर इन वह एक तो तो इस प्रवाइब आप आप आप आप आप आप आप आप आप आप आप आप आप आप आप आप आप आप आप आप आप आप आप आप आप आप आप आप आप आप आप आप आप आप आप आप आप आप आप आप आप आप आप आप आप आप आप आप आप आप आप आप आप आप आप आप आप आप आप आप आप आप आप आप आप आप आप आप आप आप आप आप आप आप आप आप आप आप आप आप आप आप आप आप आप आप आप आप आप आप आप आप आप आप आप आ[🔴 ]  Client disconnected; cancelling active request

[11:19:06 PM] [FLM] प आप आप आप आप आप आप आप आप आप[🔗 ]  TCP connection established - Remote: 127.0.0.1:60112

[11:19:06 PM] [FLM] [TCP]  Read 107262 bytes from socket

[11:19:06 PM] [FLM] ================================================

[11:19:06 PM] [FLM] [⬇️ ]  Incoming Request: POST

[11:19:06 PM] [FLM] [LOG]  Time stamp: 23:19:06 09:02:2026

[11:19:06 PM] [FLM] [LOG]  Target: /v1/audio/transcriptions

[11:19:06 PM] [FLM] [LOG]  Version: 11

[11:19:06 PM] [FLM] [LOG]  Keep-Alive: 1

[11:19:06 PM] [FLM] [🕒 ]  NPU busy, request queued (1/10): POST /v1/audio/transcriptions

[11:19:11 PM] [FLM]  आप आप वहां पास में सबस

[11:19:12 PM] [FLM] [🟡 ]  Dequeuing NPU request (0 remaining)...

[11:19:12 PM] [FLM] ================================================

[11:19:12 PM] [FLM] [🔒 ]  TCP connection closed - Remote: 127.0.0.1:60092

[11:19:12 PM] [FLM] [info]  Length of audio: 3.328000 seconds

[11:19:12 PM] [FLM] [FLM]  Transforming audio to text...

[11:19:15 PM] [FLM] Audio content:  particular resource, suppose, correct?

[11:19:15 PM] [FLM] [🔵 ]  NPU Lock Released!

[11:19:15 PM] [FLM] ================================================

[11:19:15 PM] [FLM] [🔒 ]  TCP connection closed - Remote: 127.0.0.1:60112

[11:19:18 PM] [FLM] [🔗 ]  TCP connection established - Remote: 127.0.0.1:60114

[11:19:18 PM] [FLM] [TCP]  Read 408318 bytes from socket

[11:19:18 PM] [FLM] ================================================

[11:19:18 PM] [FLM] [⬇️ ]  Incoming Request: POST

[11:19:18 PM] [FLM] [LOG]  Time stamp: 23:19:18 09:02:2026

[11:19:18 PM] [FLM] [LOG]  Target: /v1/audio/transcriptions

[11:19:18 PM] [FLM] [LOG]  Version: 11

[11:19:18 PM] [FLM] [LOG]  Keep-Alive: 1

[11:19:18 PM] [FLM] [🟢 ]  NPU Locked!

[11:19:18 PM] [FLM] [info]  Length of audio: 12.736000 seconds

[11:19:18 PM] [FLM] [FLM]  Transforming audio to text...

[11:19:23 PM] [FLM] Audio content:  तो जो दारु वाल

[11:19:23 PM] [FLM] [🔵 ]  NPU Lock Released!

[11:19:23 PM] [FLM] ================================================

[11:19:23 PM] [FLM] [🔒 ]  TCP connection closed - Remote: 127.0.0.1:60114

[11:19:25 PM] [FLM] [🔗 ]  TCP connection established - Remote: 127.0.0.1:60116

[11:19:25 PM] [FLM] [TCP]  Read 142078 bytes from socket

[11:19:25 PM] [FLM] ================================================

[11:19:25 PM] [FLM] [⬇️ ]  Incoming Request: POST

[11:19:25 PM] [FLM] [LOG]  Time stamp: 23:19:25 09:02:2026

[11:19:25 PM] [FLM] [LOG]  Target: /v1/audio/transcriptions

[11:19:25 PM] [FLM] [LOG]  Version: 11

[11:19:25 PM] [FLM] [LOG]  Keep-Alive: 1

[11:19:25 PM] [FLM] [🟢 ]  NPU Locked!

[11:19:25 PM] [FLM] [info]  Length of audio: 4.416000 seconds

[11:19:25 PM] [FLM] [FLM]  Transforming audio to text...

[11:19:30 PM] [FLM] Audio content:  तो पहला predictable है, गर म

[11:19:30 PM] [FLM] [🔵 ]  NPU Lock Released!

[11:19:30 PM] [FLM] ================================================

[11:19:30 PM] [FLM] [🔒 ]  TCP connection closed - Remote: 127.0.0.1:60116

[11:20:16 PM] [FLM] [🔗 ]  TCP connection established - Remote: 127.0.0.1:53939

[11:20:16 PM] [FLM] [TCP]  Read 2489087 bytes from socket

[11:20:16 PM] [FLM] ================================================

[11:20:16 PM] [FLM] [⬇️ ]  Incoming Request: POST

[11:20:16 PM] [FLM] [LOG]  Time stamp: 23:20:16 09:02:2026

[11:20:16 PM] [FLM] [LOG]  Target: /v1/audio/transcriptions

[11:20:16 PM] [FLM] [LOG]  Version: 11

[11:20:16 PM] [FLM] [LOG]  Keep-Alive: 1

[11:20:16 PM] [FLM] [🟢 ]  NPU Locked!

[11:20:16 PM] [FLM] [info]  Length of audio: 77.760002 seconds

[11:20:16 PM] [FLM] [FLM]  Transforming audio to text...

[11:20:44 PM] [FLM] Audio content:  अगर अगर वाँ प् क्योंकि जो मैडिस नोगे तैब मैं अधि जो पार को कुंप् like credit and debit like credit and debit like no distributor no one can do direct and medical in medical care like my previous payment is clear to me I will give like and I will give 2 lakhs to 2 lakhs to 2 lakhs तो वोग न क्या कर ते ना देखा आठ पी सी देते हैं ताकि उस तामाल जड़ी सरे तो वो पिस्ते मेर को पेशा देके फी माल ओर करें तीके वह तो ही रहता है तो ह

[11:20:44 PM] [FLM] [🔵 ]  NPU Lock Released!

[11:20:44 PM] [FLM] ================================================

[11:20:44 PM] [FLM] [🔒 ]  TCP connection closed - Remote: 127.0.0.1:53939

[11:20:46 PM] [FLM] [🔗 ]  TCP connection established - Remote: 127.0.0.1:53950

[11:20:46 PM] [FLM] [TCP]  Read 59133 bytes from socket

[11:20:46 PM] [FLM] ================================================

[11:20:46 PM] [FLM] [⬇️ ]  Incoming Request: POST

[11:20:46 PM] [FLM] [LOG]  Time stamp: 23:20:46 09:02:2026

[11:20:46 PM] [FLM] [LOG]  Target: /v1/audio/transcriptions

[11:20:46 PM] [FLM] [LOG]  Version: 11

[11:20:46 PM] [FLM] [LOG]  Keep-Alive: 1

[11:20:46 PM] [FLM] [🟢 ]  NPU Locked!

[11:20:46 PM] [FLM] [info]  Length of audio: 1.824000 seconds

[11:20:46 PM] [FLM] [FLM]  Transforming audio to text...

[11:20:50 PM] [FLM] Audio content:  Un buen buen bien.

[11:20:50 PM] [FLM] [🔵 ]  NPU Lock Released!

[11:20:50 PM] [FLM] ================================================

[11:20:50 PM] [FLM] [🔒 ]  TCP connection closed - Remote: 127.0.0.1:53950

[11:21:55 PM] [FLM] [🔗 ]  TCP connection established - Remote: 127.0.0.1:53966

[11:21:55 PM] [FLM] [TCP]  Read 3086079 bytes from socket

[11:21:55 PM] [FLM] ================================================

[11:21:55 PM] [FLM] [⬇️ ]  Incoming Request: POST

[11:21:55 PM] [FLM] [LOG]  Time stamp: 23:21:55 09:02:2026

[11:21:55 PM] [FLM] [LOG]  Target: /v1/audio/transcriptions

[11:21:55 PM] [FLM] [LOG]  Version: 11

[11:21:55 PM] [FLM] [LOG]  Keep-Alive: 1

[11:21:55 PM] [FLM] [🟢 ]  NPU Locked!

[11:21:56 PM] [FLM] [info]  Length of audio: 96.416000 seconds

[11:21:56 PM] [FLM] [FLM]  Transforming audio to text...

[11:22:25 PM] [FLM] Audio content:  ने ने मैं वही वो ला था ने कि एक रि कोई पूर वाप वो यह वाप वो ले यह शीमन तेरा जो था प्रसेस वो आ रहा कि कि अपर जेंट ली उसके अप बियॉं बियॉंड भी एक और जो मैंटर करता है वो तुम क्या अप्रस प्रसेस को को अप् तो जा के शौप से पहुंच गया, right? तो जा को अटा, criticality वाला, बैत रहा, ता 10-10 मिट पना में ने भी जा रहा है, ठी कोई लिक्कति है, let it take time. But ऐसा कोई solution exists करता ही नहीं है, aside from a human carrying that box from the distributed to the, you know, retailer, उसके अलावा को और solution exists ही नहीं[🔴 ]  Client disconnected; cancelling active request

[11:22:30 PM] [FLM]  करता है, और feasible भी नहीं ह कि तो कोई एक autonomous car या autonomous टेंपो या autonomous truck road पे चला दे,[🔗 ]  TCP connection established - Remote: 127.0.0.1:63611

[11:22:30 PM] [FLM] [TCP]  Read 1133311 bytes from socket

[11:22:30 PM] [FLM] ================================================

[11:22:30 PM] [FLM] [⬇️ ]  Incoming Request: POST

[11:22:30 PM] [FLM] [LOG]  Time stamp: 23:22:30 09:02:2026

[11:22:30 PM] [FLM] [LOG]  Target: /v1/audio/transcriptions

[11:22:30 PM] [FLM] [LOG]  Version: 11

[11:22:30 PM] [FLM] [LOG]  Keep-Alive: 1

[11:22:30 PM] [FLM] [🕒 ]  NPU busy, request queued (1/10): POST /v1/audio/transcriptions

[11:22:41 PM] [FLM]  by air is the only feasible way. तो आए प्रेशी क अगर विए प्रेशी तो बोड़े का सब्

[11:22:41 PM] [FLM] [🟡 ]  Dequeuing NPU request (0 remaining)...

[11:22:41 PM] [FLM] ================================================

[11:22:41 PM] [FLM] [🔒 ]  TCP connection closed - Remote: 127.0.0.1:53966

[11:22:41 PM] [FLM] [info]  Length of audio: 35.391998 seconds

[11:22:41 PM] [FLM] [FLM]  Transforming audio to text...

[11:23:00 PM] [FLM] Audio content:  कोई दवाई है जो एक जग एक दुका पुरी शहर में कित नहीं करेक्टेड ह तो रेटान में वो जो जो जो एक दवा तो रहा है तो रहा कुछ की कहीं खतम ह तो आप आप आप आप आप आप आप आप आप आप आप आप आप आप आप आ[🔴 ]  Client disconnected; cancelling active request

[11:23:02 PM] [ERROR] invalid utf-8 sequence of 2 bytes from index 74
[11:23:02 PM] [FLM] [TCP]  Read 84733 bytes from socket

[11:23:02 PM] [FLM] ================================================

[11:23:02 PM] [FLM] [⬇️ ]  Incoming Request: POST

[11:23:02 PM] [FLM] [LOG]  Time stamp: 23:23:02 09:02:2026

[11:23:02 PM] [FLM] [LOG]  Target: /v1/audio/transcriptions

[11:23:02 PM] [FLM] [LOG]  Version: 11

[11:23:02 PM] [FLM] [LOG]  Keep-Alive: 1

[11:23:02 PM] [FLM] [🕒 ]  NPU busy, request queued (1/10): POST /v1/audio/transcriptions

[11:23:19 PM] [ERROR] invalid utf-8 sequence of 1 bytes from index 0
[11:23:20 PM] [FLM] [🟡 ]  Dequeuing NPU request (0 remaining)...

[11:23:20 PM] [FLM] ================================================

[11:23:20 PM] [FLM] [🔒 ]  TCP connection closed - Remote: 127.0.0.1:63611

[11:23:20 PM] [FLM] [info]  Length of audio: 2.624000 seconds

[11:23:20 PM] [FLM] [FLM]  Transforming audio to text...

[11:23:24 PM] [FLM] Audio content:  And the orange is here. Excuse me.

[11:23:24 PM] [FLM] [🔵 ]  NPU Lock Released!

[11:23:24 PM] [FLM] ================================================

[11:23:24 PM] [FLM] [🔒 ]  TCP connection closed - Remote: 127.0.0.1:63613

[11:23:27 PM] [FLM] [🔗 ]  TCP connection established - Remote: 127.0.0.1:55873

[11:23:27 PM] [FLM] [TCP]  Read 496382 bytes from socket

[11:23:27 PM] [FLM] ================================================

[11:23:27 PM] [FLM] [⬇️ ]  Incoming Request: POST

[11:23:27 PM] [FLM] [LOG]  Time stamp: 23:23:27 09:02:2026

[11:23:27 PM] [FLM] [LOG]  Target: /v1/audio/transcriptions

[11:23:27 PM] [FLM] [LOG]  Version: 11

[11:23:27 PM] [FLM] [LOG]  Keep-Alive: 1

[11:23:27 PM] [FLM] [🟢 ]  NPU Locked!

[11:23:27 PM] [FLM] [info]  Length of audio: 15.488000 seconds

[11:23:27 PM] [FLM] [FLM]  Transforming audio to text...

[11:23:31 PM] [FLM] Audio content:  yes yes yes yes yes yes yes yes yes yes yes yes yes yes yes yes

[11:23:31 PM] [FLM] [🔵 ]  NPU Lock Released!

[11:23:31 PM] [FLM] ================================================

[11:23:31 PM] [FLM] [🔒 ]  TCP connection closed - Remote: 127.0.0.1:55873

[11:24:21 PM] [FLM] [🔗 ]  TCP connection established - Remote: 127.0.0.1:62493

[11:24:21 PM] [FLM] [TCP]  Read 2951935 bytes from socket

[11:24:21 PM] [FLM] ================================================

[11:24:21 PM] [FLM] [⬇️ ]  Incoming Request: POST

[11:24:21 PM] [FLM] [LOG]  Time stamp: 23:24:21 09:02:2026

[11:24:21 PM] [FLM] [LOG]  Target: /v1/audio/transcriptions

[11:24:21 PM] [FLM] [LOG]  Version: 11

[11:24:21 PM] [FLM] [LOG]  Keep-Alive: 1

[11:24:21 PM] [FLM] [🟢 ]  NPU Locked!

[11:24:21 PM] [FLM] [info]  Length of audio: 92.223999 seconds

[11:24:21 PM] [FLM] [FLM]  Transforming audio to text...

[11:24:51 PM] [FLM] Audio content:  Yes. I can say something. So basically I am into like this medical industry. Like pharmacy industry, like a good person in my one year. So I want to add a little point to that. Like you said before the shop opens the door, there is a lot of money. So there is a question and I have an addition. तो वो कोर्शिन यह कि जैसे कि बेसिकल जो डिलिवरी गाय कि एगेंस्ट हम वो हमारा बेसिकली वो अब हमें देखा जा तो वो क्या करता है जो घाड़ी लगा जो होलसेलर होता है या फे डिस्ट्रि वो अब बहुता है और जैसे कि वो जा जैसे कि बुबनेश् वर में दस वजे दुक[🔴 ]  Client disconnected; cancelling active request

[11:24:55 PM] [FLM]  एक दुकान के पास माल पहुंचा के आ जा जो उन्होंने लाइक प्रि[🔗 ]  TCP connection established - Remote: 127.0.0.1:62520

[11:24:55 PM] [ERROR] invalid utf-8 sequence of 2 bytes from index 0
[11:24:55 PM] [FLM] ================================================

[11:24:55 PM] [FLM] [⬇️ ]  Incoming Request: POST

[11:24:55 PM] [FLM] [LOG]  Time stamp: 23:24:55 09:02:2026

[11:24:55 PM] [FLM] [LOG]  Target: /v1/audio/transcriptions

[11:24:55 PM] [FLM] [LOG]  Version: 11

[11:24:55 PM] [FLM] [LOG]  Keep-Alive: 1

[11:24:55 PM] [FLM] [🕒 ]  NPU busy, request queued (1/10): POST /v1/audio/transcriptions

[11:25:04 PM] [ERROR] invalid utf-8 sequence of 1 bytes from index 0
[11:25:05 PM] [FLM] [🟡 ]  Dequeuing NPU request (0 remaining)...

[11:25:05 PM] [FLM] ================================================

[11:25:05 PM] [FLM] [🔒 ]  TCP connection closed - Remote: 127.0.0.1:62493

[11:25:05 PM] [FLM] [info]  Length of audio: 28.448000 seconds

[11:25:05 PM] [FLM] [FLM]  Transforming audio to text...

[11:25:25 PM] [FLM] Audio content:  तो तो तो तो तो तो तो तो तो तो तो तो तो तो तो तो तो तो तो तो तो तो तो तो तो तो तो तो तो तो तो तो तो तो तो तो तो तो तो तो तो तो तो तो तो तो तो तो तो तो तो तो तो तो तो तो तो तो तो तो तो तो तो तो तो तो तो तो तो तो तो तो तो तो तो तो तो तो तो तो तो तो तो तो तो तो तो तो तो तो तो तो तो तो तो तो तो तो तो तो तो तो[🔴 ]  Client disconnected; cancelling active request

[11:25:25 PM] [FLM] 

[11:25:25 PM] [FLM] [🔵 ]  NPU Lock Released!

[11:25:25 PM] [FLM] ================================================

[11:25:25 PM] [FLM] [🔒 ]  TCP connection closed - Remote: 127.0.0.1:62520

[11:27:56 PM] [FLM] [🔗 ]  TCP connection established - Remote: 127.0.0.1:51443

[11:27:56 PM] [FLM] [TCP]  Read 5784319 bytes from socket

[11:27:56 PM] [FLM] ================================================

[11:27:56 PM] [FLM] [⬇️ ]  Incoming Request: POST

[11:27:56 PM] [FLM] [LOG]  Time stamp: 23:27:56 09:02:2026

[11:27:56 PM] [FLM] [LOG]  Target: /v1/audio/transcriptions

[11:27:56 PM] [FLM] [LOG]  Version: 11

[11:27:56 PM] [FLM] [LOG]  Keep-Alive: 1

[11:27:56 PM] [FLM] [🟢 ]  NPU Locked!

[11:27:56 PM] [FLM] [info]  Length of audio: 180.735992 seconds

[11:27:56 PM] [FLM] [FLM]  Transforming audio to text...

[11:28:26 PM] [FLM] Audio content:  हाँ, one hour is a reasonable, one hour is a reasonable पर दो पर दो पर दो का order रखना पड़े एवरी डिश्टुवि लेक्स ये डिवरी भी रखते हैं, तो ये डिपर करता है, प्लेश टू प्ले ये शीमा आइलेट क कर रहा है कि वो जो सेंस अफ पेर्ड़न अभी ये दुकान दा दारों में है कि इन को प्रेड रहना है पेटी पर मंगवा के रखना ही है, बोथ हौट प[🔴 ]  Client disconnected; cancelling active request

[11:28:28 PM] [FLM] ्रसस खतम हो जाएगा, सब को पता है कि अप ए गं गंटे[🔗 ]  TCP connection established - Remote: 127.0.0.1:51473

[11:28:28 PM] [FLM] [TCP]  Read 318206 bytes from socket

[11:28:28 PM] [FLM] ================================================

[11:28:28 PM] [FLM] [⬇️ ]  Incoming Request: POST

[11:28:28 PM] [FLM] [LOG]  Time stamp: 23:28:28 09:02:2026

[11:28:28 PM] [FLM] [LOG]  Target: /v1/audio/transcriptions

[11:28:28 PM] [FLM] [LOG]  Version: 11

[11:28:28 PM] [FLM] [LOG]  Keep-Alive: 1

[11:28:28 PM] [FLM] [🕒 ]  NPU busy, request queued (1/10): POST /v1/audio/transcriptions

[11:29:01 PM] [FLM]  के नर आए जा तो क्यों फाल तो स तो क्यों पाल तो स प्रेखना है, जो जो जो आए शी जो आए वाँ प्र वहां सरे आपका जो बीपी मेडिशिन और यह जो क्या डियावे डियावेटिस मेडि वो बहुत लोगों श्टॉक में नहीं रखते क्योंकि उस सेल नहीं होता उसक पूरा प्राइड म प्राइड लिखते तो इसके लिए भी यह वाला पॉइंट आपन वह वाला यूश्क वह इंसन के लिए चा वाला वाला वाला वा वाला वाला वाला वा तो यह एक अलग तर[🔗 ]  TCP connection established - Remote: 127.0.0.1:64572

[11:29:01 PM] [FLM] [TCP]  Read 101118 bytes from socket

[11:29:01 PM] [FLM] ================================================

[11:29:01 PM] [FLM] [⬇️ ]  Incoming Request: POST

[11:29:01 PM] [FLM] [LOG]  Time stamp: 23:29:01 09:02:2026

[11:29:01 PM] [FLM] [LOG]  Target: /v1/audio/transcriptions

[11:29:01 PM] [FLM] [LOG]  Version: 11

[11:29:01 PM] [FLM] [LOG]  Keep-Alive: 1

[11:29:01 PM] [FLM] [🕒 ]  NPU busy, request queued (2/10): POST /v1/audio/transcriptions

[11:29:24 PM] [FLM]  अलग तर लेका मतल अब आप आप आप आप आप आप आप आप आप आप आप आप आप आप आप आप आप आप आप आप आप आप आप आप आप आप आप आप आप आप आप आप आप आप आप आप आप आप आप आप आप आप आप आप आप आप आप आप आप आप आप आप आप आप आप आप आप आप आप आप आप आप आप आप आप आप आप आप आप आप आप आप आप आप आप आप आप आप आप आप आप आप आप आप आप

[11:29:24 PM] [FLM] [🟡 ]  Dequeuing NPU request (1 remaining)...

[11:29:24 PM] [FLM] [🔴 ]  Client disconnected; cancelling active request

[11:29:24 PM] [FLM] ================================================

[11:29:24 PM] [FLM] [🔒 ]  TCP connection closed - Remote: 127.0.0.1:51443

[11:29:24 PM] [FLM] [info]  Length of audio: 9.920000 seconds

[11:29:24 PM] [FLM] [FLM]  Transforming audio to text...

[11:29:28 PM] [FLM] Audio content:  It would be very sensible or humble.

[11:29:28 PM] [FLM] [🟡 ]  Dequeuing NPU request (0 remaining)...

[11:29:28 PM] [FLM] ================================================

[11:29:28 PM] [FLM] [🔒 ]  TCP connection closed - Remote: 127.0.0.1:51473

[11:29:28 PM] [FLM] [info]  Length of audio: 3.136000 seconds

[11:29:28 PM] [FLM] [FLM]  Transforming audio to text...

[11:29:31 PM] [FLM] Audio content: [🔴 ]  Client disconnected; cancelling active request

[11:29:33 PM] [FLM]  Yes, I can't go.

[11:29:33 PM] [FLM] [🔵 ]  NPU Lock Released!

[11:29:33 PM] [FLM] ================================================

[11:29:33 PM] [FLM] [🔒 ]  TCP connection closed - Remote: 127.0.0.1:64572

[11:29:33 PM] [FLM] [🔗 ]  TCP connection established - Remote: 127.0.0.1:64601

[11:29:33 PM] [FLM] [TCP]  Read 156414 bytes from socket

[11:29:33 PM] [FLM] ================================================

[11:29:33 PM] [FLM] [⬇️ ]  Incoming Request: POST

[11:29:33 PM] [FLM] [LOG]  Time stamp: 23:29:33 09:02:2026

[11:29:33 PM] [FLM] [LOG]  Target: /v1/audio/transcriptions

[11:29:33 PM] [FLM] [LOG]  Version: 11

[11:29:33 PM] [FLM] [LOG]  Keep-Alive: 1

[11:29:33 PM] [FLM] [🟢 ]  NPU Locked!

[11:29:33 PM] [FLM] [info]  Length of audio: 4.864000 seconds

[11:29:33 PM] [FLM] [FLM]  Transforming audio to text...

[11:29:38 PM] [FLM] Audio content:  But if you have this program, it will be delayed for science.

[11:29:38 PM] [FLM] [🔵 ]  NPU Lock Released!

[11:29:38 PM] [FLM] ================================================

[11:29:38 PM] [FLM] [🔒 ]  TCP connection closed - Remote: 127.0.0.1:64601

[11:29:41 PM] [FLM] [🔗 ]  TCP connection established - Remote: 127.0.0.1:64603

[11:29:41 PM] [FLM] [TCP]  Read 547582 bytes from socket

[11:29:41 PM] [FLM] ================================================

[11:29:41 PM] [FLM] [⬇️ ]  Incoming Request: POST

[11:29:41 PM] [FLM] [LOG]  Time stamp: 23:29:41 09:02:2026

[11:29:41 PM] [FLM] [LOG]  Target: /v1/audio/transcriptions

[11:29:41 PM] [FLM] [LOG]  Version: 11

[11:29:41 PM] [FLM] [LOG]  Keep-Alive: 1

[11:29:41 PM] [FLM] [🟢 ]  NPU Locked!

[11:29:41 PM] [FLM] [info]  Length of audio: 17.087999 seconds

[11:29:41 PM] [FLM] [FLM]  Transforming audio to text...

[11:29:50 PM] [FLM] Audio content:  तो आए वार्त आए वा वार्त आए वार्त आए वार्त आए वा जासे नेस्ट के पुटा जासे नेस्ट के पुटा

[11:29:50 PM] [FLM] [🔵 ]  NPU Lock Released!

[11:29:50 PM] [FLM] ================================================

[11:29:50 PM] [FLM] [🔒 ]  TCP connection closed - Remote: 127.0.0.1:64603

[11:29:52 PM] [FLM] [🔗 ]  TCP connection established - Remote: 127.0.0.1:52702

[11:29:52 PM] [FLM] [TCP]  Read 108286 bytes from socket

[11:29:52 PM] [FLM] ================================================

[11:29:52 PM] [FLM] [⬇️ ]  Incoming Request: POST

[11:29:52 PM] [FLM] [LOG]  Time stamp: 23:29:52 09:02:2026

[11:29:52 PM] [FLM] [LOG]  Target: /v1/audio/transcriptions

[11:29:52 PM] [FLM] [LOG]  Version: 11

[11:29:52 PM] [FLM] [LOG]  Keep-Alive: 1

[11:29:52 PM] [FLM] [🟢 ]  NPU Locked!

[11:29:52 PM] [FLM] [info]  Length of audio: 3.360000 seconds

[11:29:52 PM] [FLM] [FLM]  Transforming audio to text...

[11:29:57 PM] [FLM] Audio content:  or hectávaren or each a doing-to-it.

[11:29:57 PM] [FLM] [🔵 ]  NPU Lock Released!

[11:29:57 PM] [FLM] ================================================

[11:29:57 PM] [FLM] [🔒 ]  TCP connection closed - Remote: 127.0.0.1:52702

[11:30:00 PM] [FLM] [🔗 ]  TCP connection established - Remote: 127.0.0.1:52710

[11:30:00 PM] [FLM] [TCP]  Read 609022 bytes from socket

[11:30:00 PM] [FLM] ================================================

[11:30:00 PM] [FLM] [⬇️ ]  Incoming Request: POST

[11:30:00 PM] [FLM] [LOG]  Time stamp: 23:30:00 09:02:2026

[11:30:00 PM] [FLM] [LOG]  Target: /v1/audio/transcriptions

[11:30:00 PM] [FLM] [LOG]  Version: 11

[11:30:00 PM] [FLM] [LOG]  Keep-Alive: 1

[11:30:00 PM] [FLM] [🟢 ]  NPU Locked!

[11:30:00 PM] [FLM] [info]  Length of audio: 19.007999 seconds

[11:30:00 PM] [FLM] [FLM]  Transforming audio to text...

[11:30:06 PM] [FLM] Audio content:  तो आप आप में आप म

[11:30:06 PM] [FLM] [🔵 ]  NPU Lock Released!

[11:30:06 PM] [FLM] ================================================

[11:30:06 PM] [FLM] [🔒 ]  TCP connection closed - Remote: 127.0.0.1:52710

[11:30:08 PM] [FLM] [🔗 ]  TCP connection established - Remote: 127.0.0.1:52712

[11:30:08 PM] [FLM] [TCP]  Read 169726 bytes from socket

[11:30:08 PM] [FLM] ================================================

[11:30:08 PM] [FLM] [⬇️ ]  Incoming Request: POST

[11:30:08 PM] [FLM] [LOG]  Time stamp: 23:30:08 09:02:2026

[11:30:08 PM] [FLM] [LOG]  Target: /v1/audio/transcriptions

[11:30:08 PM] [FLM] [LOG]  Version: 11

[11:30:08 PM] [FLM] [LOG]  Keep-Alive: 1

[11:30:08 PM] [FLM] [🟢 ]  NPU Locked!

[11:30:08 PM] [FLM] [info]  Length of audio: 5.280000 seconds

[11:30:08 PM] [FLM] [FLM]  Transforming audio to text...

[11:30:14 PM] [FLM] Audio content:  O cítica. Or, yes. O uscabat? Se o ní. O cítica. Or, yes. O usc

[11:30:14 PM] [FLM] [🔵 ]  NPU Lock Released!

[11:30:14 PM] [FLM] ================================================

[11:30:14 PM] [FLM] [🔒 ]  TCP connection closed - Remote: 127.0.0.1:52712

[11:31:11 PM] [FLM] [🔗 ]  TCP connection established - Remote: 127.0.0.1:52740

[11:31:11 PM] [FLM] [TCP]  Read 4294399 bytes from socket

[11:31:11 PM] [FLM] ================================================

[11:31:11 PM] [FLM] [⬇️ ]  Incoming Request: POST

[11:31:11 PM] [FLM] [LOG]  Time stamp: 23:31:11 09:02:2026

[11:31:11 PM] [FLM] [LOG]  Target: /v1/audio/transcriptions

[11:31:11 PM] [FLM] [LOG]  Version: 11

[11:31:11 PM] [FLM] [LOG]  Keep-Alive: 1

[11:31:11 PM] [FLM] [🟢 ]  NPU Locked!

[11:31:11 PM] [FLM] [info]  Length of audio: 134.175995 seconds

[11:31:11 PM] [FLM] [FLM]  Transforming audio to text...

[11:31:41 PM] [FLM] Audio content:  तो मैं समझ गया तुझे सब्सक्राइब के रह तो जी तो जी तो जी तो जी तो जी तो जी तो जी तो जी तो जी तो जी तो जी तो जी सब्सक्राइब करूँ गा कि हम बस पेनेटरे करें ने भी घुस रह एक्जाक्ली राइट एक एक जी जी जी जी जगे खोल एक एक एक जुद का वो एक एन अपने पास वो नह रही है रही है हम पो प्रूप करन दो दो दो दो दो दो से ने प्रूप करन प्रूप करना है रा अगर एक्स्टिंग ह इंट्रास्थर मिल रहा है उनकी दुक प्रूप करना है तो[🔴 ]  Client disconnected; cancelling active request

[11:31:44 PM] [FLM]  प्रूज प्रूज प्[🔗 ]  TCP connection established - Remote: 127.0.0.1:52755

[11:31:44 PM] [FLM] [TCP]  Read 193278 bytes from socket

[11:31:44 PM] [FLM] ================================================

[11:31:44 PM] [FLM] [⬇️ ]  Incoming Request: POST

[11:31:44 PM] [FLM] [LOG]  Time stamp: 23:31:44 09:02:2026

[11:31:44 PM] [FLM] [LOG]  Target: /v1/audio/transcriptions

[11:31:44 PM] [FLM] [LOG]  Version: 11

[11:31:44 PM] [FLM] [LOG]  Keep-Alive: 1

[11:31:44 PM] [FLM] [🕒 ]  NPU busy, request queued (1/10): POST /v1/audio/transcriptions

[11:32:16 PM] [FLM]  कर नहीं है कहीं ठी ठीक है ठीक ठीक ठी ठीक है ठीक है ठीक ठीक है एक प्रोप् प्रोप्रेशनल वे में बीटा बीटा म पैसा हो गए तो अधा तो यह market penetration एक problem है अभी इम्मेडेटल हमार और दूसरी problem है technical validation तो हम जो भी discussion करेंगे अपने दिमाग में इन दोनों चीजों के बुच में एक border बन बना के रखना कि हम market penetration डिरेक्ली ने कर सकते हैं जब तक technical validation नहीं हुआ हुआ ह अगे बढ़ सकते ह

[11:32:16 PM] [FLM] [🟡 ]  Dequeuing NPU request (0 remaining)...

[11:32:16 PM] [FLM] [🔴 ]  Client disconnected; cancelling active request

[11:32:16 PM] [FLM] ================================================

[11:32:16 PM] [FLM] [🔒 ]  TCP connection closed - Remote: 127.0.0.1:52740

[11:32:16 PM] [FLM] [info]  Length of audio: 6.016000 seconds

[11:32:16 PM] [FLM] [FLM]  Transforming audio to text...

[11:32:18 PM] [FLM] Audio content: [🔗 ]  TCP connection established - Remote: 127.0.0.1:52758

[11:32:18 PM] [FLM] [TCP]  Read 673534 bytes from socket

[11:32:18 PM] [FLM] ================================================

[11:32:18 PM] [FLM] [⬇️ ]  Incoming Request: POST

[11:32:18 PM] [FLM] [LOG]  Time stamp: 23:32:18 09:02:2026

[11:32:18 PM] [FLM] [LOG]  Target: /v1/audio/transcriptions

[11:32:18 PM] [FLM] [LOG]  Version: 11

[11:32:18 PM] [FLM] [LOG]  Keep-Alive: 1

[11:32:18 PM] [FLM] [🕒 ]  NPU busy, request queued (1/10): POST /v1/audio/transcriptions

[11:32:21 PM] [FLM]  तेक है? यह सुख्

[11:32:21 PM] [FLM] [🟡 ]  Dequeuing NPU request (0 remaining)...

[11:32:21 PM] [FLM] ================================================

[11:32:21 PM] [FLM] [🔒 ]  TCP connection closed - Remote: 127.0.0.1:52755

[11:32:21 PM] [FLM] [info]  Length of audio: 21.024000 seconds

[11:32:21 PM] [FLM] [FLM]  Transforming audio to text...

[11:32:26 PM] [FLM] Audio content:  पूर्ष पूर्ष पूर

[11:32:26 PM] [FLM] [🔵 ]  NPU Lock Released!

[11:32:26 PM] [FLM] ================================================

[11:32:26 PM] [FLM] [🔒 ]  TCP connection closed - Remote: 127.0.0.1:52758

[11:32:30 PM] [FLM] [🔗 ]  TCP connection established - Remote: 127.0.0.1:52350

[11:32:30 PM] [FLM] [TCP]  Read 828158 bytes from socket

[11:32:30 PM] [FLM] ================================================

[11:32:30 PM] [FLM] [⬇️ ]  Incoming Request: POST

[11:32:30 PM] [FLM] [LOG]  Time stamp: 23:32:30 09:02:2026

[11:32:30 PM] [FLM] [LOG]  Target: /v1/audio/transcriptions

[11:32:30 PM] [FLM] [LOG]  Version: 11

[11:32:30 PM] [FLM] [LOG]  Keep-Alive: 1

[11:32:30 PM] [FLM] [🟢 ]  NPU Locked!

[11:32:30 PM] [FLM] [info]  Length of audio: 25.856001 seconds

[11:32:30 PM] [FLM] [FLM]  Transforming audio to text...

[11:32:44 PM] [FLM] Audio content:  तो medical pharmacies जो है तो वो भी like wholesaler जो जैसे कि जो जो जो सबसे बड़ा wholesaler है जो 100 hospital को दे रहा है जो medicine बगरा हो रहा जो surgical item बगरा हो रह हो तो भी दे रहा ह तो हम लोग सिफ 100 क के बारे में नहीं म बढ़ाए में भी स

[11:32:44 PM] [FLM] [🔵 ]  NPU Lock Released!

[11:32:44 PM] [FLM] ================================================

[11:32:44 PM] [FLM] [🔒 ]  TCP connection closed - Remote: 127.0.0.1:52350

[11:32:46 PM] [FLM] [🔗 ]  TCP connection established - Remote: 127.0.0.1:52352

[11:32:46 PM] [FLM] [TCP]  Read 58109 bytes from socket

[11:32:46 PM] [FLM] ================================================

[11:32:46 PM] [FLM] [⬇️ ]  Incoming Request: POST

[11:32:46 PM] [FLM] [LOG]  Time stamp: 23:32:46 09:02:2026

[11:32:46 PM] [FLM] [LOG]  Target: /v1/audio/transcriptions

[11:32:46 PM] [FLM] [LOG]  Version: 11

[11:32:46 PM] [FLM] [LOG]  Keep-Alive: 1

[11:32:46 PM] [FLM] [🟢 ]  NPU Locked!

[11:32:46 PM] [FLM] [info]  Length of audio: 1.792000 seconds

[11:32:46 PM] [FLM] [FLM]  Transforming audio to text...

[11:32:50 PM] [FLM] Audio content:  on seller selected.

[11:32:50 PM] [FLM] [🔵 ]  NPU Lock Released!

[11:32:50 PM] [FLM] ================================================

[11:32:50 PM] [FLM] [🔒 ]  TCP connection closed - Remote: 127.0.0.1:52352

[11:32:56 PM] [FLM] [🔗 ]  TCP connection established - Remote: 127.0.0.1:52354

[11:32:56 PM] [FLM] [TCP]  Read 1536767 bytes from socket

[11:32:56 PM] [FLM] ================================================

[11:32:56 PM] [FLM] [⬇️ ]  Incoming Request: POST

[11:32:56 PM] [FLM] [LOG]  Time stamp: 23:32:56 09:02:2026

[11:32:56 PM] [FLM] [LOG]  Target: /v1/audio/transcriptions

[11:32:56 PM] [FLM] [LOG]  Version: 11

[11:32:56 PM] [FLM] [LOG]  Keep-Alive: 1

[11:32:56 PM] [FLM] [🟢 ]  NPU Locked!

[11:32:56 PM] [FLM] [info]  Length of audio: 48.000000 seconds

[11:32:56 PM] [FLM] [FLM]  Transforming audio to text...

[11:33:26 PM] [ERROR] invalid utf-8 sequence of 2 bytes from index 923
[11:33:30 PM] [ERROR] invalid utf-8 sequence of 1 bytes from index 0
[11:33:30 PM] [ERROR] invalid utf-8 sequence of 2 bytes from index 0
[11:33:30 PM] [FLM] ================================================

[11:33:30 PM] [FLM] [⬇️ ]  Incoming Request: POST

[11:33:30 PM] [FLM] [LOG]  Time stamp: 23:33:30 09:02:2026

[11:33:30 PM] [FLM] [LOG]  Target: /v1/audio/transcriptions

[11:33:30 PM] [FLM] [LOG]  Version: 11

[11:33:30 PM] [FLM] [LOG]  Keep-Alive: 1

[11:33:30 PM] [FLM] [🕒 ]  NPU busy, request queued (1/10): POST /v1/audio/transcriptions

[11:33:32 PM] [ERROR] invalid utf-8 sequence of 1 bytes from index 0
[11:33:32 PM] [FLM] [🟡 ]  Dequeuing NPU request (0 remaining)...

[11:33:32 PM] [FLM] ================================================

[11:33:32 PM] [FLM] [🔒 ]  TCP connection closed - Remote: 127.0.0.1:52354

[11:33:33 PM] [FLM] [info]  Length of audio: 34.720001 seconds

[11:33:33 PM] [FLM] [FLM]  Transforming audio to text...

[11:33:53 PM] [FLM] Audio content:  तीक है वो 30 सजाद क अपना लेजर मेंटेन कर पा रहा है कौन से दुकन को जा रह उसका सीकूरेटी भी मेंटेन हो रहा है पर पर माल जा रहा है ठी यह भी हो रहा है कि उसको स्पीड डिल पूरा प्रॉपिड़बल वाला है यह लिए यह वो जो अग्दर डिलिवरी सिस्टम के जैसा नहीं है बि

[11:33:53 PM] [FLM] [🔵 ]  NPU Lock Released!

[11:33:53 PM] [FLM] ================================================

[11:33:53 PM] [FLM] [🔒 ]  TCP connection closed - Remote: 127.0.0.1:52368

[11:37:42 PM] [FLM] [🔗 ]  TCP connection established - Remote: 127.0.0.1:63890

[11:37:42 PM] [FLM] [TCP]  Read 7790335 bytes from socket

[11:37:42 PM] [FLM] ================================================

[11:37:42 PM] [FLM] [⬇️ ]  Incoming Request: POST

[11:37:42 PM] [FLM] [LOG]  Time stamp: 23:37:42 09:02:2026

[11:37:42 PM] [FLM] [LOG]  Target: /v1/audio/transcriptions

[11:37:42 PM] [FLM] [LOG]  Version: 11

[11:37:42 PM] [FLM] [LOG]  Keep-Alive: 1

[11:37:42 PM] [FLM] [🟢 ]  NPU Locked!

[11:37:42 PM] [FLM] [info]  Length of audio: 243.423996 seconds

[11:37:42 PM] [FLM] [FLM]  Transforming audio to text...

[11:38:12 PM] [FLM] Audio content:  अगर मैं लॉंग दे देख रहा हूं, इस वी आप 50 डिश्टूटर है, जो हमारा ये ये ये यूज कर रहे ह तो अफ्टर 10 मांस उनका अफ्टर 10 तू तू ये ले रहा हूं, 2 ये के बाद उनका सब्स्कृशन पैसे से हमारे जित भी खर्चा बेस के लिए वह हो गया है उसके बास पैसा रह आप इस प्यूर बे इसक्लूडिंग जो सब्टर्र मेंटर् जो सब्टर्र इंजिन जो भी है तो यह प्र यह प्[🔴 ]  Client disconnected; cancelling active request

[11:39:30 PM] [ERROR] invalid utf-8 sequence of 2 bytes from index 1638
[11:39:30 PM] [FLM] [🔵 ]  NPU Lock Released!

[11:39:31 PM] [FLM] ================================================

[11:39:31 PM] [FLM] [🔒 ]  TCP connection closed - Remote: 127.0.0.1:63890

[11:39:48 PM] [FLM] [🔗 ]  TCP connection established - Remote: 127.0.0.1:64990

[11:39:48 PM] [FLM] [TCP]  Read 4249343 bytes from socket

[11:39:48 PM] [FLM] ================================================

[11:39:48 PM] [FLM] [⬇️ ]  Incoming Request: POST

[11:39:48 PM] [FLM] [LOG]  Time stamp: 23:39:48 09:02:2026

[11:39:48 PM] [FLM] [LOG]  Target: /v1/audio/transcriptions

[11:39:48 PM] [FLM] [LOG]  Version: 11

[11:39:48 PM] [FLM] [LOG]  Keep-Alive: 1

[11:39:48 PM] [FLM] [🟢 ]  NPU Locked!

[11:39:48 PM] [FLM] [info]  Length of audio: 132.768005 seconds

[11:39:48 PM] [FLM] [FLM]  Transforming audio to text...

[11:40:18 PM] [FLM] Audio content:  तो हमें अभी काफी समय तक marketing के बारे मे technical validation and an important part is how we conclude that now we are technically valid what is the goal we want to achieve so that we believe that okay now we are ready for the market to enter the information. Look, it's like the first thing is that technical validation is that drone based delivery can be done today. It can be done today. You can understand this because this is the driving force जिसको हमको मानना ह तावर का एक सस्ते वाले तावर का डि तेक्स हो गया थोड़ा महेंगा वाला जैस अट्रेशन पर ला पर लागा ना है वो पाइडर वाला ता[🔴 ]  Client disconnected; cancelling active request

[11:40:29 PM] [ERROR] invalid utf-8 sequence of 2 bytes from index 370
[11:40:30 PM] [FLM] [TCP]  Read 1446655 bytes from socket

[11:40:30 PM] [FLM] ================================================

[11:40:30 PM] [FLM] [⬇️ ]  Incoming Request: POST

[11:40:30 PM] [FLM] [LOG]  Time stamp: 23:40:29 09:02:2026

[11:40:30 PM] [FLM] [LOG]  Target: /v1/audio/transcriptions

[11:40:30 PM] [FLM] [LOG]  Version: 11

[11:40:30 PM] [FLM] [LOG]  Keep-Alive: 1

[11:40:30 PM] [FLM] [🕒 ]  NPU busy, request queued (1/10): POST /v1/audio/transcriptions

[11:40:31 PM] [ERROR] invalid utf-8 sequence of 1 bytes from index 0
[11:40:31 PM] [FLM] [🟡 ]  Dequeuing NPU request (0 remaining)...

[11:40:32 PM] [FLM] ================================================

[11:40:32 PM] [FLM] [🔒 ]  TCP connection closed - Remote: 127.0.0.1:64990

[11:40:32 PM] [FLM] [info]  Length of audio: 45.183998 seconds

[11:40:32 PM] [FLM] [FLM]  Transforming audio to text...

[11:40:49 PM] [FLM] Audio content:  Okay, so, I have told you a lot of helpful things, Jy technical smoothing or buttering. We saw the video and it's working there is no question that it will work or not. Technically validated it's done Phase 0 is already done. Phase 1 is starting to start. Phase 1 is technical buttering. We have a working app or a drone that can do the task in physical reality. Licensing, market penetration and we have to look at marketing

[11:40:49 PM] [FLM] [🔵 ]  NPU Lock Released!

[11:40:49 PM] [FLM] ================================================

[11:40:49 PM] [FLM] [🔒 ]  TCP connection closed - Remote: 127.0.0.1:56655

[11:40:51 PM] [FLM] [🔗 ]  TCP connection established - Remote: 127.0.0.1:56676

[11:40:51 PM] [FLM] [TCP]  Read 67325 bytes from socket

[11:40:51 PM] [FLM] ================================================

[11:40:51 PM] [FLM] [⬇️ ]  Incoming Request: POST

[11:40:51 PM] [FLM] [LOG]  Time stamp: 23:40:51 09:02:2026

[11:40:51 PM] [FLM] [LOG]  Target: /v1/audio/transcriptions

[11:40:51 PM] [FLM] [LOG]  Version: 11

[11:40:51 PM] [FLM] [LOG]  Keep-Alive: 1

[11:40:51 PM] [FLM] [🟢 ]  NPU Locked!

[11:40:51 PM] [FLM] [info]  Length of audio: 2.080000 seconds

[11:40:51 PM] [FLM] [FLM]  Transforming audio to text...

[11:40:56 PM] [FLM] Audio content:  اور کچھ بارس کی بات جائے گی.

[11:40:56 PM] [FLM] [🔵 ]  NPU Lock Released!

[11:40:56 PM] [FLM] ================================================

[11:40:56 PM] [FLM] [🔒 ]  TCP connection closed - Remote: 127.0.0.1:56676

[11:41:05 PM] [FLM] [🔗 ]  TCP connection established - Remote: 127.0.0.1:56692

[11:41:05 PM] [FLM] [TCP]  Read 1078015 bytes from socket

[11:41:05 PM] [FLM] ================================================

[11:41:05 PM] [FLM] [⬇️ ]  Incoming Request: POST

[11:41:05 PM] [FLM] [LOG]  Time stamp: 23:41:05 09:02:2026

[11:41:05 PM] [FLM] [LOG]  Target: /v1/audio/transcriptions

[11:41:05 PM] [FLM] [LOG]  Version: 11

[11:41:05 PM] [FLM] [LOG]  Keep-Alive: 1

[11:41:05 PM] [FLM] [🟢 ]  NPU Locked!

[11:41:05 PM] [FLM] [info]  Length of audio: 33.664001 seconds

[11:41:05 PM] [FLM] [FLM]  Transforming audio to text...

[11:41:23 PM] [FLM] Audio content:  definitely this is very helpful, that means a question is validated, so a question comes from are we done, are we in the right path, but we know this will work. Second thing is technical buttering, so that is smoothness better name, so I am going to comment on this phase 1, so in this phase 1, this is technical buttering, so this sandbox is mostly correct, so it will be in pondicherry and service provide and we will start, and we will start, and we will conclude that now तो भी आर रेडी तो अपन को गोल्ट इस अब और दोस्ता है कि हम वापे सर्वि स्वेस का पो एक तर पो एक तर बाएं

[11:41:23 PM] [FLM] [🔵 ]  NPU Lock Released!

[11:41:23 PM] [FLM] ================================================

[11:41:23 PM] [FLM] [🔒 ]  TCP connection closed - Remote: 127.0.0.1:56692

[11:41:26 PM] [FLM] [🔗 ]  TCP connection established - Remote: 127.0.0.1:56694

[11:41:26 PM] [FLM] [TCP]  Read 369406 bytes from socket

[11:41:26 PM] [FLM] ================================================

[11:41:26 PM] [FLM] [⬇️ ]  Incoming Request: POST

[11:41:26 PM] [FLM] [LOG]  Time stamp: 23:41:26 09:02:2026

[11:41:26 PM] [FLM] [LOG]  Target: /v1/audio/transcriptions

[11:41:26 PM] [FLM] [LOG]  Version: 11

[11:41:26 PM] [FLM] [LOG]  Keep-Alive: 1

[11:41:26 PM] [FLM] [🟢 ]  NPU Locked!

[11:41:26 PM] [FLM] [info]  Length of audio: 11.520000 seconds

[11:41:26 PM] [FLM] [FLM]  Transforming audio to text...

[11:41:31 PM] [FLM] Audio content:  So, when we are looking at the leading page, we are saying that we delivered 700 packets and this under that, something that is like a leading achievement.

[11:41:31 PM] [FLM] [🔵 ]  NPU Lock Released!

[11:41:31 PM] [FLM] ================================================

[11:41:32 PM] [FLM] [🔒 ]  TCP connection closed - Remote: 127.0.0.1:56694

[11:43:07 PM] [FLM] [🔗 ]  TCP connection established - Remote: 127.0.0.1:56020

[11:43:07 PM] [FLM] [TCP]  Read 3421951 bytes from socket

[11:43:07 PM] [FLM] ================================================

[11:43:07 PM] [FLM] [⬇️ ]  Incoming Request: POST

[11:43:07 PM] [FLM] [LOG]  Time stamp: 23:43:07 09:02:2026

[11:43:07 PM] [FLM] [LOG]  Target: /v1/audio/transcriptions

[11:43:07 PM] [FLM] [LOG]  Version: 11

[11:43:07 PM] [FLM] [LOG]  Keep-Alive: 1

[11:43:07 PM] [FLM] [🟢 ]  NPU Locked!

[11:43:07 PM] [FLM] [info]  Length of audio: 106.912003 seconds

[11:43:07 PM] [FLM] [FLM]  Transforming audio to text...

[11:43:29 PM] [FLM] Audio content:  I want to say something about the goal. The goal can also be divided into two things. One is a big drone. We can apply our systems to a big drone and create a cost effective. We can do things like this. We can use simple drones. We can see that there are two towers. तो आप डिया प्र to real thing. so that is definitely the part of the process the second to go to the second part when we conclude uh we are validated but now we are ready to call the market

[11:43:29 PM] [FLM] [🔵 ]  NPU Lock Released!

[11:43:29 PM] [FLM] ================================================

[11:43:29 PM] [FLM] [🔒 ]  TCP connection closed - Remote: 127.0.0.1:56020

[11:43:32 PM] [FLM] [🔗 ]  TCP connection established - Remote: 127.0.0.1:62376

[11:43:32 PM] [FLM] [TCP]  Read 206590 bytes from socket

[11:43:32 PM] [FLM] ================================================

[11:43:32 PM] [FLM] [⬇️ ]  Incoming Request: POST

[11:43:32 PM] [FLM] [LOG]  Time stamp: 23:43:32 09:02:2026

[11:43:32 PM] [FLM] [LOG]  Target: /v1/audio/transcriptions

[11:43:32 PM] [FLM] [LOG]  Version: 11

[11:43:32 PM] [FLM] [LOG]  Keep-Alive: 1

[11:43:32 PM] [FLM] [🟢 ]  NPU Locked!

[11:43:32 PM] [FLM] [info]  Length of audio: 6.432000 seconds

[11:43:32 PM] [FLM] [FLM]  Transforming audio to text...

[11:43:38 PM] [FLM] Audio content:  एक है एक है एक है एक आए जब मैं टेक्

[11:43:38 PM] [FLM] [🔵 ]  NPU Lock Released!

[11:43:38 PM] [FLM] ================================================

[11:43:38 PM] [FLM] [🔒 ]  TCP connection closed - Remote: 127.0.0.1:62376

[11:43:42 PM] [FLM] [🔗 ]  TCP connection established - Remote: 127.0.0.1:62379

[11:43:42 PM] [FLM] [TCP]  Read 628478 bytes from socket

[11:43:42 PM] [FLM] ================================================

[11:43:42 PM] [FLM] [⬇️ ]  Incoming Request: POST

[11:43:42 PM] [FLM] [LOG]  Time stamp: 23:43:42 09:02:2026

[11:43:42 PM] [FLM] [LOG]  Target: /v1/audio/transcriptions

[11:43:42 PM] [FLM] [LOG]  Version: 11

[11:43:42 PM] [FLM] [LOG]  Keep-Alive: 1

[11:43:42 PM] [FLM] [🟢 ]  NPU Locked!

[11:43:42 PM] [FLM] [info]  Length of audio: 19.615999 seconds

[11:43:42 PM] [FLM] [FLM]  Transforming audio to text...

[11:43:47 PM] [FLM] Audio content:  तो उसका त्या नह

[11:43:47 PM] [FLM] [🔵 ]  NPU Lock Released!

[11:43:47 PM] [FLM] ================================================

[11:43:47 PM] [FLM] [🔒 ]  TCP connection closed - Remote: 127.0.0.1:62379

[11:43:49 PM] [FLM] [🔗 ]  TCP connection established - Remote: 127.0.0.1:62382

[11:43:50 PM] [FLM] [TCP]  Read 345854 bytes from socket

[11:43:50 PM] [FLM] ================================================

[11:43:50 PM] [FLM] [⬇️ ]  Incoming Request: POST

[11:43:50 PM] [FLM] [LOG]  Time stamp: 23:43:49 09:02:2026

[11:43:50 PM] [FLM] [LOG]  Target: /v1/audio/transcriptions

[11:43:50 PM] [FLM] [LOG]  Version: 11

[11:43:50 PM] [FLM] [LOG]  Keep-Alive: 1

[11:43:50 PM] [FLM] [🟢 ]  NPU Locked!

[11:43:50 PM] [FLM] [info]  Length of audio: 10.784000 seconds

[11:43:50 PM] [FLM] [FLM]  Transforming audio to text...

[11:43:55 PM] [FLM] Audio content:  If you have to make a client, that alone does not signify, that does not validate my technical advancement.

[11:43:55 PM] [FLM] [🔵 ]  NPU Lock Released!

[11:43:55 PM] [FLM] ================================================

[11:43:55 PM] [FLM] [🔒 ]  TCP connection closed - Remote: 127.0.0.1:62382

[11:44:09 PM] [FLM] [🔗 ]  TCP connection established - Remote: 127.0.0.1:62410

[11:44:09 PM] [FLM] [TCP]  Read 920318 bytes from socket

[11:44:09 PM] [FLM] ================================================

[11:44:09 PM] [FLM] [⬇️ ]  Incoming Request: POST

[11:44:09 PM] [FLM] [LOG]  Time stamp: 23:44:09 09:02:2026

[11:44:09 PM] [FLM] [LOG]  Target: /v1/audio/transcriptions

[11:44:09 PM] [FLM] [LOG]  Version: 11

[11:44:09 PM] [FLM] [LOG]  Keep-Alive: 1

[11:44:09 PM] [FLM] [🟢 ]  NPU Locked!

[11:44:09 PM] [FLM] [info]  Length of audio: 28.736000 seconds

[11:44:09 PM] [FLM] [FLM]  Transforming audio to text...

[11:44:22 PM] [FLM] Audio content:  पूरी शीनरी एक और अपरेशनल मौडल है जिसको एक बार चल उसके अंदर अनुम उसके अन्दर उसक पॉइंट वह रहे पॉइंट वह पॉइं पॉइंट वह पॉइं वह वाँ पॉइंट वह यह सारी चीज

[11:44:22 PM] [FLM] [🔵 ]  NPU Lock Released!

[11:44:22 PM] [FLM] ================================================

[11:44:22 PM] [FLM] [🔒 ]  TCP connection closed - Remote: 127.0.0.1:62410
